/*
SQLyog Ultimate v11.33 (32 bit)
MySQL - 5.5.39 : Database - eatntreat
*********************************************************************
*/

/*!40101 SET NAMES utf8 */;

/*!40101 SET SQL_MODE=''*/;

/*!40014 SET @OLD_UNIQUE_CHECKS=@@UNIQUE_CHECKS, UNIQUE_CHECKS=0 */;
/*!40014 SET @OLD_FOREIGN_KEY_CHECKS=@@FOREIGN_KEY_CHECKS, FOREIGN_KEY_CHECKS=0 */;
/*!40101 SET @OLD_SQL_MODE=@@SQL_MODE, SQL_MODE='NO_AUTO_VALUE_ON_ZERO' */;
/*!40111 SET @OLD_SQL_NOTES=@@SQL_NOTES, SQL_NOTES=0 */;
CREATE DATABASE /*!32312 IF NOT EXISTS*/`eatntreat` /*!40100 DEFAULT CHARACTER SET latin1 */;

USE `eatntreat`;

/*Table structure for table `competitions` */

DROP TABLE IF EXISTS `competitions`;

CREATE TABLE `competitions` (
  `competition_id` int(10) unsigned NOT NULL AUTO_INCREMENT,
  `quota_id` int(10) unsigned NOT NULL,
  `contestant_id` int(10) unsigned NOT NULL,
  `competition_score` double(3,3) DEFAULT '0.000',
  `competition_eliminated` int(2) DEFAULT '0',
  `created_date` timestamp NOT NULL DEFAULT CURRENT_TIMESTAMP,
  `updated_date` datetime DEFAULT NULL,
  PRIMARY KEY (`competition_id`),
  KEY `competition_score` (`competition_score`),
  KEY `quota_id` (`quota_id`)
) ENGINE=InnoDB DEFAULT CHARSET=latin1;

/*Data for the table `competitions` */

/*Table structure for table `contestants` */

DROP TABLE IF EXISTS `contestants`;

CREATE TABLE `contestants` (
  `contestant_id` int(10) unsigned NOT NULL AUTO_INCREMENT,
  `contestant_no` varchar(9) DEFAULT NULL,
  `contestant_nik` varchar(16) NOT NULL,
  `contestant_name` varchar(40) NOT NULL,
  `contestant_dob` date DEFAULT NULL,
  `contestant_address` text,
  `contestant_phone` varchar(32) DEFAULT NULL,
  `contestant_email` varchar(50) DEFAULT NULL,
  `created_date` timestamp NULL DEFAULT CURRENT_TIMESTAMP,
  `updated_date` datetime DEFAULT NULL,
  PRIMARY KEY (`contestant_id`)
) ENGINE=InnoDB DEFAULT CHARSET=latin1;

/*Data for the table `contestants` */

/*Table structure for table `fee` */

DROP TABLE IF EXISTS `fee`;

CREATE TABLE `fee` (
  `fee_id` int(10) unsigned NOT NULL AUTO_INCREMENT,
  `registration_id` int(11) DEFAULT NULL,
  `fee_taken` int(11) DEFAULT '0',
  `date_taken` datetime DEFAULT NULL,
  `updated_date` timestamp NOT NULL DEFAULT CURRENT_TIMESTAMP,
  PRIMARY KEY (`fee_id`)
) ENGINE=InnoDB AUTO_INCREMENT=74 DEFAULT CHARSET=latin1;

/*Data for the table `fee` */

insert  into `fee`(`fee_id`,`registration_id`,`fee_taken`,`date_taken`,`updated_date`) values (1,NULL,0,NULL,'2016-02-08 09:18:49'),(2,NULL,0,NULL,'2016-02-08 09:18:50'),(3,NULL,0,NULL,'2016-02-08 09:18:51'),(4,NULL,0,NULL,'2016-02-08 09:18:52'),(5,NULL,0,NULL,'2016-02-08 09:18:52'),(6,NULL,0,NULL,'2016-02-08 09:18:53'),(7,NULL,0,NULL,'2016-02-08 09:18:53'),(8,NULL,0,NULL,'2016-02-08 09:18:53'),(9,NULL,0,NULL,'2016-02-08 09:18:54'),(10,NULL,0,NULL,'2016-02-08 09:18:54'),(11,NULL,0,NULL,'2016-02-08 09:18:54'),(12,NULL,0,NULL,'2016-02-08 09:18:55'),(13,NULL,0,NULL,'2016-02-08 09:18:55'),(14,NULL,0,NULL,'2016-02-08 09:18:55'),(15,NULL,0,NULL,'2016-02-08 09:18:56'),(16,NULL,0,NULL,'2016-02-08 09:18:56'),(17,NULL,0,NULL,'2016-02-08 09:18:56'),(18,NULL,0,NULL,'2016-02-08 09:18:57'),(19,NULL,0,NULL,'2016-02-08 09:18:57'),(20,NULL,0,NULL,'2016-02-08 09:18:58'),(21,NULL,0,NULL,'2016-02-08 09:18:59'),(22,NULL,0,NULL,'2016-02-08 09:18:59'),(23,NULL,0,NULL,'2016-02-08 09:18:59'),(24,NULL,0,NULL,'2016-02-08 09:19:00'),(25,NULL,0,NULL,'2016-02-08 09:19:00'),(26,NULL,0,NULL,'2016-02-08 09:19:00'),(27,NULL,0,NULL,'2016-02-08 09:19:01'),(28,NULL,0,NULL,'2016-02-08 09:19:01'),(29,NULL,0,NULL,'2016-02-08 09:19:01'),(30,NULL,0,NULL,'2016-02-08 09:19:02'),(31,NULL,0,NULL,'2016-02-08 09:19:02'),(32,NULL,0,NULL,'2016-02-08 09:19:02'),(33,NULL,0,NULL,'2016-02-08 09:19:02'),(34,NULL,0,NULL,'2016-02-08 09:19:03'),(35,NULL,0,NULL,'2016-02-08 09:19:03'),(36,NULL,0,NULL,'2016-02-08 09:19:03'),(37,NULL,0,NULL,'2016-02-08 09:19:04'),(38,NULL,0,NULL,'2016-02-08 09:19:04'),(39,NULL,0,NULL,'2016-02-08 09:19:05'),(40,NULL,0,NULL,'2016-02-08 09:19:05'),(41,NULL,0,NULL,'2016-02-08 09:19:06'),(42,NULL,0,NULL,'2016-02-08 09:19:06'),(43,NULL,0,NULL,'2016-02-08 09:19:06'),(44,NULL,0,NULL,'2016-02-08 09:19:07'),(45,NULL,0,NULL,'2016-02-08 09:19:07'),(46,NULL,0,NULL,'2016-02-08 09:19:08'),(47,NULL,0,NULL,'2016-02-08 09:19:08'),(48,NULL,0,NULL,'2016-02-08 09:19:08'),(49,NULL,0,NULL,'2016-02-08 09:19:09'),(50,NULL,0,NULL,'2016-02-08 09:19:09'),(51,NULL,0,NULL,'2016-02-08 09:19:10'),(52,NULL,0,NULL,'2016-02-08 09:19:10'),(53,NULL,0,NULL,'2016-02-08 09:19:11'),(54,NULL,0,NULL,'2016-02-08 09:19:11'),(55,NULL,0,NULL,'2016-02-08 09:19:11'),(56,NULL,0,NULL,'2016-02-08 09:19:12'),(57,NULL,0,NULL,'2016-02-08 09:19:12'),(58,NULL,0,NULL,'2016-02-08 09:19:12'),(59,NULL,0,NULL,'2016-02-08 09:19:12'),(60,NULL,0,NULL,'2016-02-08 09:19:13'),(61,NULL,0,NULL,'2016-02-08 09:19:13'),(62,NULL,0,NULL,'2016-02-08 09:19:13'),(63,NULL,0,NULL,'2016-02-08 09:19:14'),(64,NULL,0,NULL,'2016-02-08 09:19:14'),(65,NULL,0,NULL,'2016-02-08 09:19:14'),(66,NULL,0,NULL,'2016-02-08 09:19:15'),(67,NULL,0,NULL,'2016-02-08 09:19:15'),(68,NULL,0,NULL,'2016-02-08 09:19:15'),(69,NULL,0,NULL,'2016-02-08 09:19:16'),(70,NULL,0,NULL,'2016-02-08 09:19:16'),(71,NULL,0,NULL,'2016-02-08 09:19:17'),(72,NULL,0,NULL,'2016-02-08 09:19:17'),(73,NULL,0,NULL,'2016-02-08 09:19:18');

/*Table structure for table `kfc_recon` */

DROP TABLE IF EXISTS `kfc_recon`;

CREATE TABLE `kfc_recon` (
  `recon_id` int(10) unsigned NOT NULL AUTO_INCREMENT,
  `store_id` int(10) unsigned DEFAULT NULL,
  `recon_reffno` varchar(20) DEFAULT NULL,
  `recon_taken` int(1) DEFAULT '0',
  `taken_date` date DEFAULT NULL,
  `created_date` timestamp NOT NULL DEFAULT CURRENT_TIMESTAMP,
  `updated_date` date DEFAULT NULL,
  PRIMARY KEY (`recon_id`)
) ENGINE=InnoDB DEFAULT CHARSET=latin1;

/*Data for the table `kfc_recon` */

/*Table structure for table `payment_method` */

DROP TABLE IF EXISTS `payment_method`;

CREATE TABLE `payment_method` (
  `method_id` int(10) unsigned NOT NULL AUTO_INCREMENT,
  `method_name` varchar(40) DEFAULT NULL,
  `method_provider` varchar(40) DEFAULT NULL,
  PRIMARY KEY (`method_id`)
) ENGINE=InnoDB AUTO_INCREMENT=6 DEFAULT CHARSET=latin1;

/*Data for the table `payment_method` */

insert  into `payment_method`(`method_id`,`method_name`,`method_provider`) values (1,'merchant','KFC'),(2,'cc','doku.com'),(3,'Bank Transfer','QNB'),(4,'Bank Transfer','MANDIRI'),(5,'Bank Transfer','BCA');

/*Table structure for table `quotas` */

DROP TABLE IF EXISTS `quotas`;

CREATE TABLE `quotas` (
  `quota_id` int(10) unsigned NOT NULL AUTO_INCREMENT,
  `store_id` int(10) unsigned DEFAULT NULL,
  `quota_date` date DEFAULT NULL,
  `quota_session` int(11) DEFAULT NULL,
  `quota_desc` text,
  `quota_space` int(100) DEFAULT NULL,
  `quota_level` varchar(15) DEFAULT 'elimination',
  `quota_approved` int(2) DEFAULT '0',
  PRIMARY KEY (`quota_id`)
) ENGINE=InnoDB DEFAULT CHARSET=latin1;

/*Data for the table `quotas` */

/*Table structure for table `registrations` */

DROP TABLE IF EXISTS `registrations`;

CREATE TABLE `registrations` (
  `registration_id` int(10) unsigned NOT NULL AUTO_INCREMENT,
  `registration_nik` varchar(20) DEFAULT NULL,
  `registration_name` varchar(50) DEFAULT NULL,
  `registration_dob` date DEFAULT NULL,
  `registration_address` text,
  `registration_phone` varchar(32) DEFAULT NULL,
  `registration_email` varchar(50) DEFAULT NULL,
  `registration_method` varchar(20) DEFAULT NULL,
  `registration_code` varchar(8) DEFAULT NULL,
  `registration_fee` int(10) unsigned DEFAULT NULL,
  `method_id` int(11) DEFAULT NULL,
  `payment_reffno` varchar(40) DEFAULT NULL,
  `registration_valid` int(11) DEFAULT '0',
  `registration_date` datetime DEFAULT NULL,
  `created_date` timestamp NULL DEFAULT CURRENT_TIMESTAMP,
  `updated_date` datetime DEFAULT NULL,
  PRIMARY KEY (`registration_id`)
) ENGINE=InnoDB AUTO_INCREMENT=9 DEFAULT CHARSET=latin1;

/*Data for the table `registrations` */

insert  into `registrations`(`registration_id`,`registration_nik`,`registration_name`,`registration_dob`,`registration_address`,`registration_phone`,`registration_email`,`registration_method`,`registration_code`,`registration_fee`,`method_id`,`payment_reffno`,`registration_valid`,`registration_date`,`created_date`,`updated_date`) values (1,NULL,NULL,NULL,NULL,NULL,NULL,NULL,NULL,NULL,NULL,NULL,0,'2016-02-06 23:26:09','2016-02-06 23:26:09','2016-02-06 23:26:09'),(2,'1111111111','ainul','1982-05-24','bekasi','082134430551','ainul.top@gmail.com',NULL,NULL,NULL,NULL,NULL,0,'2016-02-06 23:26:49','2016-02-06 23:26:49','2016-02-06 23:26:49'),(3,'12313131231331','ainul','1982-05-24','bekasi','082134430551','ainul.top@gmail.com',NULL,NULL,NULL,NULL,NULL,0,'2016-02-06 23:44:42','2016-02-06 23:44:42','2016-02-06 23:44:42'),(4,'12313131231331','ainul','1982-05-24','bekasi','082134430551','ainul.top@gmail.com',NULL,NULL,NULL,NULL,NULL,0,'2016-02-06 23:45:10','2016-02-06 23:45:10','2016-02-06 23:45:10'),(5,'12313131231331','ainul','1982-05-24','bekasi','082134430551','ainul.top@gmail.com',NULL,NULL,NULL,NULL,NULL,0,'2016-02-06 23:45:32','2016-02-06 23:45:32','2016-02-06 23:45:32'),(6,'12313131231331','ainul','1982-05-24','bekasi','082134430551','ainul.top@gmail.com',NULL,NULL,NULL,NULL,NULL,0,'2016-02-06 23:45:46','2016-02-06 23:45:46','2016-02-06 23:45:46'),(7,'12313131231331','ainul','1982-05-24','bekasi','082134430551','ainul.top@gmail.com',NULL,NULL,NULL,NULL,NULL,0,'2016-02-06 23:46:25','2016-02-06 23:46:25','2016-02-06 23:46:25'),(8,'12313131231331','ainul','1982-05-24','bekasi','082134430551','ainul.top@gmail.com',NULL,NULL,NULL,NULL,NULL,0,'2016-02-06 23:46:35','2016-02-06 23:46:35','2016-02-06 23:46:35');

/*Table structure for table `store` */

DROP TABLE IF EXISTS `store`;

CREATE TABLE `store` (
  `store_id` int(10) unsigned NOT NULL AUTO_INCREMENT,
  `store_name` varchar(50) DEFAULT NULL,
  `store_address` text,
  `store_city` varchar(50) DEFAULT NULL,
  `store_province` varchar(50) DEFAULT NULL,
  `store_full` text,
  `store_lat` double(10,6) DEFAULT NULL,
  `store_long` double(10,6) DEFAULT NULL,
  `store_type` varchar(20) DEFAULT NULL,
  PRIMARY KEY (`store_id`)
) ENGINE=InnoDB AUTO_INCREMENT=411 DEFAULT CHARSET=latin1;

/*Data for the table `store` */

insert  into `store`(`store_id`,`store_name`,`store_address`,`store_city`,`store_province`,`store_full`,`store_lat`,`store_long`,`store_type`) values (1,'DAGO BANDUNG','Jl. Ir. H. Juanda No. 40-42','Bandung','Jawa Barat','Jl. Ir. H. Juanda No. 40-42 Bandung Jawa Barat ',-6.902072,107.611825,' In Line'),(2,'KUTA GELAEL','JL.RAYA KUTA No. 105','Kab. Badung','Bali','JL.RAYA KUTA No. 105 Kab. Badung Bali ',-8.735139,115.177875,' Mall'),(3,'TEBET','JL.TEBET UTARA RAYA  NO.10','Jakarta Selatan','DKI Jakarta','JL.TEBET UTARA RAYA  NO.10 Jakarta Selatan DKI Jakarta ',-6.227314,106.855139,' In Line '),(4,'GAJAH MADA PLAZA','JL.GAJAH MADA PLAZA','Jakarta Pusat','DKI Jakarta','JL.GAJAH MADA PLAZA Jakarta Pusat DKI Jakarta ',-6.163704,106.819754,' Mall'),(5,'BOGOR PAJAJARAN','JL. PAJAJARAN NO. 8','Bogor','Jawa Barat','JL. PAJAJARAN NO. 8 Bogor Jawa Barat ',-6.579416,106.865137,' Free Standing'),(6,'CIKINI JAKARTA','JL.CIKINI RAYA 119','Jakarta Pusat','DKI Jakarta','JL.CIKINI RAYA 119 Jakarta Pusat DKI Jakarta ',-6.196381,106.840223,' In Line'),(7,'TUGU PUNCAK','JL.RAYA PUNCAK ','Kab. Bogor','Jawa Barat','JL.RAYA PUNCAK  Kab. Bogor Jawa Barat ',-6.659258,106.850630,' Free Standing'),(8,'PANDANARAN SEMARANG','JL.PANDANARAN 78','Semarang','Jawa Tengah','JL.PANDANARAN 78 Semarang Jawa Tengah ',-6.989492,110.421520,' Free Standing'),(9,'ADI SUCIPTO YOGYAKARTA','JL.LAKSDA  ADISUCIPTO 167','Kab. Sleman','DI Yogyakarta','JL.LAKSDA  ADISUCIPTO 167 Kab. Sleman DI Yogyakarta ',-7.716165,110.335403,' Free Standing'),(10,'MT HARYONO JAKARTA','JL.MT. HARYONO KAV.7','Jakarta Selatan','DKI Jakarta','JL.MT. HARYONO KAV.7 Jakarta Selatan DKI Jakarta ',-6.242340,106.863065,' Mall '),(11,'RIAU BANDUNG','JL.LAKSA.RE.MARTADINATA 77','Bandung','Jawa Barat','JL.LAKSA.RE.MARTADINATA 77 Bandung Jawa Barat ',-6.917464,107.619123,' Free Standing'),(12,'BASMAR PLAZA','Jl MAMPANG PRAPATAN RAYA 106','Jakarta Selatan','DKI Jakarta','Jl MAMPANG PRAPATAN RAYA 106 Jakarta Selatan DKI Jakarta ',-6.242011,106.825788,' In Line '),(13,'THR PLAZA','JL.KUSUMA BANGSA 119','Surabaya','Jawa Timur','JL.KUSUMA BANGSA 119 Surabaya Jawa Timur ',-7.251090,112.749789,' Mall'),(14,'MALIOBORO YOGYAKARTA','JL.MALIOBORO 133','Yogyakarta','DI Yogyakarta','JL.MALIOBORO 133 Yogyakarta DI Yogyakarta ',-7.795580,110.369490,' In Line'),(15,'DAAN MOGOT','JL.DAAN MOGOT 163 A','Jakarta Barat','DKI Jakarta','JL.DAAN MOGOT 163 A Jakarta Barat DKI Jakarta ',-6.158655,106.721742,' In Line'),(16,'METRO MARGAHAYU','JL.SOEKARNO HATTA 628','Bandung','Jawa Barat','JL.SOEKARNO HATTA 628 Bandung Jawa Barat ',-6.938758,107.665223,' In Line'),(17,'ARION PLAZA','JL.PEMUDA NO.3','Jakarta Timur','DKI Jakarta','JL.PEMUDA NO.3 Jakarta Timur DKI Jakarta ',-6.192871,106.884484,' Mall'),(18,'BLOK M PLAZA','JL. BULUNGAN NO.76','Jakarta Selatan','DKI Jakarta','JL. BULUNGAN NO.76 Jakarta Selatan DKI Jakarta ',-6.241759,106.796055,' Mall'),(19,'JATINEGARA','JL.JATINEGARA TIMUR RAYA NO.84','Jakarta Timur','DKI Jakarta','JL.JATINEGARA TIMUR RAYA NO.84 Jakarta Timur DKI Jakarta ',-6.222596,106.867787,' In Line '),(20,'PASAR REBO','JL.GEDONG NO.57','Jakarta Timur','DKI Jakarta','JL.GEDONG NO.57 Jakarta Timur DKI Jakarta ',-6.294690,106.863527,' In Line '),(21,'CIREBON MALL','JL.BAHAGIA NO.123','Cirebon','Jawa Barat','JL.BAHAGIA NO.123 Cirebon Jawa Barat ',-6.713552,108.564646,' Mall'),(22,'DENPASAR DUTA PLAZA','JL.DEWI SARTIKA,DUTA PLAZA','Denpasar','Bali','JL.DEWI SARTIKA,DUTA PLAZA Denpasar Bali ',-8.670458,115.212629,' Mall'),(23,'LOKASARI PLAZA','JL.MANGGA BESAR RAYA NO.51 C/1-18','Jakarta Pusat','DKI Jakarta','JL.MANGGA BESAR RAYA NO.51 C/1-18 Jakarta Pusat DKI Jakarta ',-6.143650,106.825432,' In Line'),(24,'PLAZA SURABAYA','JL.PEMUDA NO.31-71','Surabaya','Jawa Timur','JL.PEMUDA NO.31-71 Surabaya Jawa Timur ',-7.264561,112.747476,' Mall'),(25,'PRATAMA BEKASI','JL.IR.H.JUANDA NO.151','Bekasi','Jawa Barat','JL.IR.H.JUANDA NO.151 Bekasi Jawa Barat ',-6.248237,107.020798,' In Line'),(26,'PONDOK INDAH MALL','JL.METRO PONDOK INDAH I','Jakarta Selatan','DKI Jakarta','JL.METRO PONDOK INDAH I Jakarta Selatan DKI Jakarta ',-6.275959,106.781886,' Mall'),(27,'ATRIUM SENEN','JL.SEGITIGA SENEN','Jakarta Pusat','DKI Jakarta','JL.SEGITIGA SENEN Jakarta Pusat DKI Jakarta ',-6.193456,106.850288,' Mall'),(28,'BLOK M MALL','JL.TERMINAL BLOK M','Jakarta Selatan','DKI Jakarta','JL.TERMINAL BLOK M Jakarta Selatan DKI Jakarta ',-6.283927,106.843056,' Mall'),(29,'CITRALAND JAKARTA','JL.JEND.S.PARMAN GED.CITRALAND','Jakarta Barat','DKI Jakarta','JL.JEND.S.PARMAN GED.CITRALAND Jakarta Barat DKI Jakarta ',-6.168329,106.758849,' Mall'),(30,'BSD PLAZA','JL.BUMI SERPONG DAMAI SEKTOR IV','Tangerang Selatan','Banten','JL.BUMI SERPONG DAMAI SEKTOR IV Tangerang Selatan Banten ',-6.283522,106.711293,' Mall'),(31,'CINERE MALL','JL. CINERE RAYA BLOK M NO 84 DEPOK','Depok','Jawa Barat','JL. CINERE RAYA BLOK M NO 84 DEPOK Depok Jawa Barat ',-6.337404,106.781349,' Mall'),(32,'METROPOLITAN MALL','JL.JEND. SUDIRMAN METROPOL MAL-1','Bekasi','Jawa Barat','JL.JEND. SUDIRMAN METROPOL MAL-1 Bekasi Jawa Barat ',-6.238270,106.975573,' Mall'),(33,'CITRALAND SEMARANG','JL.SIMPANG LIMA LT.I, CITRALAND MAL','Semarang','Jawa Tengah','JL.SIMPANG LIMA LT.I, CITRALAND MAL Semarang Jawa Tengah ',-7.005145,110.438125,' Mall'),(34,'SIDOARJO','JL.GAJAH MADA  NO.82','Kab. Sidoarjo','Jawa Timur','JL.GAJAH MADA  NO.82 Kab. Sidoarjo Jawa Timur ',-7.455465,112.717205,' In Line'),(35,'SALATIGA','JL.DIPONEGORO NO.35','Salatiga','Jawa Tengah','JL.DIPONEGORO NO.35 Salatiga Jawa Tengah ',-7.317471,110.495706,' In Line'),(36,'BINTARO PLAZA','BINTARO PLAZA SEKTOR 3, BINTARO JAYA','Tangerang Selatan','Banten','BINTARO PLAZA SEKTOR 3, BINTARO JAYA Tangerang Selatan Banten ',-6.283522,106.711293,' Mall'),(37,'SUNTER MALL','JL. DANAU SUNTER UTARA (SUNTER MALL)','Jakarta Utara','DKI Jakarta','JL. DANAU SUNTER UTARA (SUNTER MALL) Jakarta Utara DKI Jakarta ',-6.138414,106.863956,' Mall'),(38,'CANDI SEMARANG','JL.SULTAN AGUNG NO. 97','Semarang','Jawa Tengah','JL.SULTAN AGUNG NO. 97 Semarang Jawa Tengah ',-7.012437,110.416608,' In Line'),(39,'TRAGIA NUSA DUA','JL.BYPASS NGURAH RAI SHOP. CTR TRAGIA','Kab. Badung','Bali','JL.BYPASS NGURAH RAI SHOP. CTR TRAGIA Kab. Badung Bali ',-8.409518,115.188916,' In Line'),(40,'TRANS STUDIO CIKOKOL','Jl. MH. Thamrin, Kel. Cikokol  Kec. Tnagerang, Tangerang - Banten','Tangerang','Banten','Jl. MH. Thamrin, Kel. Cikokol  Kec. Tnagerang, Tangerang - Banten Tangerang Banten ',-6.202394,106.652710,' Mall'),(41,'KUTA SQUARE','JL.BAKUNG SARI NO.1 BLOK C-1-2 KUTA','Kab. Badung','Bali','JL.BAKUNG SARI NO.1 BLOK C-1-2 KUTA Kab. Badung Bali ',-8.724447,115.176546,' In Line'),(42,'GOLDEN TRULLY GUNUNG SAHARI','JL. GN.SAHARI NO 59 JAKARTA PUSAT','Jakarta Pusat','DKI Jakarta','JL. GN.SAHARI NO 59 JAKARTA PUSAT Jakarta Pusat DKI Jakarta ',-6.162353,106.838247,' Mall'),(43,'LIPPO CITY CIKARANG','JL.MH.THAMRIN LIPPO CIKARANG','Kab. Bekasi','Jawa Barat','JL.MH.THAMRIN LIPPO CIKARANG Kab. Bekasi Jawa Barat ',-6.334092,107.136738,' Mall'),(44,'PLAZA SENAYAN','JL.PINTU I NO.9 PLAZA SENAYAN LT.III','Jakarta Pusat','DKI Jakarta','JL.PINTU I NO.9 PLAZA SENAYAN LT.III Jakarta Pusat DKI Jakarta ',-6.186486,106.834091,' Food Court Mall'),(45,'TAMAN RASUNA','Plaza Festival Kompleks Rasuna Epicentrum Jl.H.R Rasuna Said Kav.C22 Jakarta 12940 Indonesia (Unit UG 63)','Jakarta Selatan','DKI Jakarta','Plaza Festival Kompleks Rasuna Epicentrum Jl.H.R Rasuna Said Kav.C22 Jakarta 12940 Indonesia (Unit UG 63) Jakarta Selatan DKI Jakarta ',-6.261493,106.810600,' Mall'),(46,'GALLERIA YOGYAKARTA','JL.JEND.SUDIRMAN NO.99-101','Yogyakarta','DI Yogyakarta','JL.JEND.SUDIRMAN NO.99-101 Yogyakarta DI Yogyakarta ',-7.795580,110.369490,' Mall'),(47,'LIPPO SUPERMAL KARAWACI','LIPPO SUPERMALL, LANTAI DASAR','Tangerang','Banten','LIPPO SUPERMALL, LANTAI DASAR Tangerang Banten ',-6.202394,106.652710,' Mall '),(48,'SETIABUDI BANDUNG','JL.DR.SETIABUDI NO.169','Bandung','Jawa Barat','JL.DR.SETIABUDI NO.169 Bandung Jawa Barat ',-6.854897,107.595880,' In Line'),(49,'GALAXY PLAZA SURABAYA','JL.DARMA HUSADA TIMUR NO.37','Surabaya','Jawa Timur','JL.DARMA HUSADA TIMUR NO.37 Surabaya Jawa Timur ',-7.270431,112.779495,' Mall'),(50,'TUNJUNGAN PLAZA III','JL. BASUKI RAHMAD NO. 08 - 12','Surabaya','Jawa Timur','JL. BASUKI RAHMAD NO. 08 - 12 Surabaya Jawa Timur ',-7.262695,112.739564,' Mall'),(51,'GIANT PONDOK BAMBU','JL.PAHLAWAN REVOLUSI NO 10 JAKARTA TIMUR','Jakarta Timur','DKI Jakarta','JL.PAHLAWAN REVOLUSI NO 10 JAKARTA TIMUR Jakarta Timur DKI Jakarta ',-6.238589,106.896810,' Mall'),(52,'KELAPA GADING BOULEVARD','JL. KELAPA GADING BOULEVARD NO. 1 - 3','Jakarta Utara','DKI Jakarta','JL. KELAPA GADING BOULEVARD NO. 1 - 3 Jakarta Utara DKI Jakarta ',-6.152872,106.909422,' In Line'),(53,'MANGGA DUA MALL','JL.ARTERI MANGGA DUA RAYA','Jakarta Pusat','DKI Jakarta','JL.ARTERI MANGGA DUA RAYA Jakarta Pusat DKI Jakarta ',-6.137654,106.823992,' Mall'),(54,'MEGA MALL PLUIT VILLAGE','JL.PLUIT INDAH RAYA','Jakarta Utara','DKI Jakarta','JL.PLUIT INDAH RAYA Jakarta Utara DKI Jakarta ',-6.117762,106.789345,' Mall'),(55,'WISMA BNI 46 JAKARTA','JL.JEND.SUDIRMAN KAV.1','Jakarta Pusat','DKI Jakarta','JL.JEND.SUDIRMAN KAV.1 Jakarta Pusat DKI Jakarta ',-6.203408,106.821283,' In Line '),(56,'MALL TAMAN ANGGREK','JL.S.PARMAN,GROGOL','Jakarta Barat','DKI Jakarta','JL.S.PARMAN,GROGOL Jakarta Barat DKI Jakarta ',-6.178346,106.795606,' Mall'),(57,'DEPOK PLAZA','JL.MARGONDA RAYA,DEPOK','Depok','Jawa Barat','JL.MARGONDA RAYA,DEPOK Depok Jawa Barat ',-6.378348,106.831403,' Mall'),(58,'GRAGE MALL CIREBON','JL.TENTARA PELAJAR,GRAGE MALL','Cirebon','Jawa Barat','JL.TENTARA PELAJAR,GRAGE MALL Cirebon Jawa Barat ',-6.732023,108.552316,' Mall'),(59,'RAMAYANA CILEGON','JL.RAYA MERAK,CILEGON MALL RAMAYANA','Cilegon','Banten','JL.RAYA MERAK,CILEGON MALL RAMAYANA Cilegon Banten ',-5.966328,106.003716,' Mall'),(60,'DEPOK MALL','JL.MARGONDA RAYA,KAV 88 DEPOK','Depok','Jawa Barat','JL.MARGONDA RAYA,KAV 88 DEPOK Depok Jawa Barat ',-6.389615,106.825709,' Mall'),(61,'PURI INDAH MALL','JL. PURI AGUNG, PURI INDAH','Jakarta Barat','DKI Jakarta','JL. PURI AGUNG, PURI INDAH Jakarta Barat DKI Jakarta ',-6.188259,106.733728,' Food Court Mall'),(62,'RAMAYANA CENGKARENG','JL.LINGKAR  LUAR BARAT LT.DASAR','Jakarta Barat','DKI Jakarta','JL.LINGKAR  LUAR BARAT LT.DASAR Jakarta Barat DKI Jakarta ',-6.168329,106.758849,' Mall'),(63,'PEMUDA SEMARANG','JL.PEMUDA NO.53 A','Semarang','Jawa Tengah','JL.PEMUDA NO.53 A Semarang Jawa Tengah ',-6.979530,110.414512,' In Line'),(64,'PASAR BARU JAKARTA','JL.PASAR BARU','Jakarta Pusat','DKI Jakarta','JL.PASAR BARU Jakarta Pusat DKI Jakarta ',-6.163414,106.833564,' In Line'),(65,'BUAH BATU','JL.BUAH BATU RAYA NO.180 AB','Bandung','Jawa Barat','JL.BUAH BATU RAYA NO.180 AB Bandung Jawa Barat ',-6.917464,107.619123,' In Line'),(66,'AMBASSADOR MALL','JL.PROF.DR.SATRIO,KUNINGAN','Jakarta Selatan','DKI Jakarta','JL.PROF.DR.SATRIO,KUNINGAN Jakarta Selatan DKI Jakarta ',-6.223263,106.825929,' Food Court Mall'),(67,'GRAHA CIJANTUNG','JL PENDIDIKAN I CIJANTUNG','Jakarta Timur','DKI Jakarta','JL PENDIDIKAN I CIJANTUNG Jakarta Timur DKI Jakarta ',-6.313315,106.861864,' Mall'),(68,'PASARAYA MANGGARAI','JL.RAYA SULTAN AGUNG','Jakarta Selatan','DKI Jakarta','JL.RAYA SULTAN AGUNG Jakarta Selatan DKI Jakarta ',-6.206797,106.840011,' Food Court Mall'),(69,'DHARMA BALI','JL.HASANUDDIN NO.59','Denpasar','Bali','JL.HASANUDDIN NO.59 Denpasar Bali ',-8.658690,115.212788,' Mall'),(70,'ITC CEMPAKA MAS','JL.CEMPAKA PUTIH LT. 5 CEMPAKA MAS','Jakarta Pusat','DKI Jakarta','JL.CEMPAKA PUTIH LT. 5 CEMPAKA MAS Jakarta Pusat DKI Jakarta ',-6.164661,106.877495,' Mall'),(71,'RAMAYANA CIPUTAT','JL.DEWI SARTIKA,CIPUTAT, LANTAI I ','Tangerang Selatan','Banten','JL.DEWI SARTIKA,CIPUTAT, LANTAI I  Tangerang Selatan Banten ',-6.319176,106.743654,' Mall'),(72,'SARINAH THAMRIN','SARINAH THAMRIN,LT.BASEMENT','Jakarta Pusat','DKI Jakarta','SARINAH THAMRIN,LT.BASEMENT Jakarta Pusat DKI Jakarta ',-6.186486,106.834091,' Food Court Mall'),(73,'SINGOSAREN SOLO','PLZ KIOS AB NO.8 - 10 Jl.GATOTSUBROTO','Surakarta','Jawa Tengah','PLZ KIOS AB NO.8 - 10 Jl.GATOTSUBROTO Surakarta Jawa Tengah ',-7.575489,110.824327,' In Line'),(74,'SEIBU PASARAYA BLOK M','PASARAYA BLOK M, BASEMENT F00D  COURT','Jakarta Selatan','DKI Jakarta','PASARAYA BLOK M, BASEMENT F00D  COURT Jakarta Selatan DKI Jakarta ',-6.209498,106.847017,' Food Court Mall'),(75,'UGM MIROTA YOGYAKARTA','JL. SIMANJUNTAK NO. 73','Yogyakarta','DI Yogyakarta','JL. SIMANJUNTAK NO. 73 Yogyakarta DI Yogyakarta ',-7.795580,110.369490,' In Line'),(76,'RAMAYANA CIMONE','JL.MERDEKA NO.10,TANGERANG, CIMONE','Tangerang','Banten','JL.MERDEKA NO.10,TANGERANG, CIMONE Tangerang Banten ',-6.178844,106.625664,' Mall'),(77,'CARREFOUR CAWANG',' LAKESPRA  MT. HARYONO , JAKARTA','Jakarta Selatan','DKI Jakarta',' LAKESPRA  MT. HARYONO , JAKARTA Jakarta Selatan DKI Jakarta ',-6.243286,106.846697,' Mall'),(78,'BINTARO SATOE','JL.BINTARO  UTAMA  NO. 1, BINTARO JAYA','Jakarta Selatan','DKI Jakarta','JL.BINTARO  UTAMA  NO. 1, BINTARO JAYA Jakarta Selatan DKI Jakarta ',-6.270680,106.757172,' Mall'),(79,'CITRA MALL KLENDER','JL. I  GUSTI NGURAH RAI - KLENDER','Jakarta Timur','DKI Jakarta','JL. I  GUSTI NGURAH RAI - KLENDER Jakarta Timur DKI Jakarta ',-6.214220,106.910172,' Mall '),(80,'BDNI SUDIRMAN YOGYAKARTA','JL. JEND. SUDIRMAN NO. 69','Yogyakarta','DI Yogyakarta','JL. JEND. SUDIRMAN NO. 69 Yogyakarta DI Yogyakarta ',-7.795580,110.369490,' In Line '),(81,'KEPATIHAN BANDUNG','JL. KEPATIHAN NO. 19 A','Bandung','Jawa Barat','JL. KEPATIHAN NO. 19 A Bandung Jawa Barat ',-6.923260,107.605283,' In Line'),(82,'PASIR KALIKI PAJAJARAN','JL. PAJAJARAN NO. 65','Bandung','Jawa Barat','JL. PAJAJARAN NO. 65 Bandung Jawa Barat ',-6.906452,107.597031,' In Line '),(83,'GATOT SUBROTO BALI','JL. GATOT SUBROTO NO. 356','Denpasar','Bali','JL. GATOT SUBROTO NO. 356 Denpasar Bali ',-8.639145,115.204834,' In Line'),(84,'WAYANG SANUR','JL. BY PASS NGURAH RAI','Denpasar','Bali','JL. BY PASS NGURAH RAI Denpasar Bali ',-8.712063,115.226771,' In Line'),(85,'BANDARA SOEKARNO-HATTA TERM 2F CENGKARENG','BANDARA INTERNATIONAL SOEKARNO HATTA TERM. 2 E-F ','Tangerang','Banten','BANDARA INTERNATIONAL SOEKARNO HATTA TERM. 2 E-F  Tangerang Banten ',-6.202394,106.652710,' In Line '),(86,'KEMANG','JL. KEMANG RAYA NO. 14 B, JAKARTA','Jakarta Selatan','DKI Jakarta','JL. KEMANG RAYA NO. 14 B, JAKARTA Jakarta Selatan DKI Jakarta ',-6.273911,106.817260,' Free Standing'),(87,'RAYA DARMO','JL. RAYA DARMO NO. 101','Surabaya','Jawa Timur','JL. RAYA DARMO NO. 101 Surabaya Jawa Timur ',-7.289510,112.739303,' In Line'),(88,'RAMAYANA SIDOARJO','Jl.  DIPONEGORO NO.2, MAL SIDOARJO','Kab. Sidoarjo','Jawa Timur','Jl.  DIPONEGORO NO.2, MAL SIDOARJO Kab. Sidoarjo Jawa Timur ',-7.451467,112.714433,' Mall'),(89,'HARCO PASAR BARU','Jl. SAMANHUDI NO. 133 LT. 2 GEDUNG HARCO PLAZA NO. 218 - 224','Jakarta Pusat','DKI Jakarta','Jl. SAMANHUDI NO. 133 LT. 2 GEDUNG HARCO PLAZA NO. 218 - 224 Jakarta Pusat DKI Jakarta ',-6.186486,106.834091,' Mall'),(90,'CIBUBUR PLAZA','JL. ALTERNATIF ( TRANS YOGIE ) KM 2 - 3 CIBUBUR','Jakarta Timur','DKI Jakarta','JL. ALTERNATIF ( TRANS YOGIE ) KM 2 - 3 CIBUBUR Jakarta Timur DKI Jakarta ',-6.356087,106.879792,' Mall'),(91,'MAGELANG','JL. PEMUDA NO. 12','Magelang','Jawa Tengah','JL. PEMUDA NO. 12 Magelang Jawa Tengah ',-7.580475,110.284505,' In Line'),(92,'GLODOK PLAZA','JL. PINANGSIA RAYA NO. 1','Jakarta Barat','DKI Jakarta','JL. PINANGSIA RAYA NO. 1 Jakarta Barat DKI Jakarta ',-6.142524,106.815255,' Mall'),(93,'KAWI MALANG','Jl. KAWI ATAS NO. 38','Malang','Jawa Timur','Jl. KAWI ATAS NO. 38 Malang Jawa Timur ',-8.131436,112.568842,' In Line'),(94,'CILANDAK MALL','JL. CILANDAK KKO CILANDAK TIMUR','Jakarta Selatan','DKI Jakarta','JL. CILANDAK KKO CILANDAK TIMUR Jakarta Selatan DKI Jakarta ',-6.295475,106.812804,' Mall'),(95,'BASUKI RAHMAT','Jl. Basuki rahmad no.31','Surabaya','Jawa Timur','Jl. Basuki rahmad no.31 Surabaya Jawa Timur ',-7.262331,112.738995,' Free Standing'),(96,'BOGOR REST AREA','JL. TOL JAGORAWI STA 20 + 400','Kab. Bogor','Jawa Barat','JL. TOL JAGORAWI STA 20 + 400 Kab. Bogor Jawa Barat ',-6.597147,106.806039,' In Line '),(97,'GIANT BSD','JL. RAYA SERPONG - BSD GIANT BSD KOMPLEK VILA MELATI','Tangerang Selatan','Banten','JL. RAYA SERPONG - BSD GIANT BSD KOMPLEK VILA MELATI Tangerang Selatan Banten ',-6.283522,106.711293,' Mall'),(98,'KELAPA GADING MALL','JL. KELAPA GADING BOULEVARD RAYA','Jakarta Utara','DKI Jakarta','JL. KELAPA GADING BOULEVARD RAYA Jakarta Utara DKI Jakarta ',-6.160138,106.905420,' Food Court Mall'),(99,'BANDUNG TRADE CENTER','JL. IR. DJUNJUNAN 143 - 149','Bandung','Jawa Barat','JL. IR. DJUNJUNAN 143 - 149 Bandung Jawa Barat ',-6.917464,107.619123,' Mall'),(100,'CIRACAS','JL. RAYA BOGOR KM. 25, CIRACAS JAKARTA TIMUR','Jakarta Timur','DKI Jakarta','JL. RAYA BOGOR KM. 25, CIRACAS JAKARTA TIMUR Jakarta Timur DKI Jakarta ',-6.225014,106.900447,' In Line '),(101,'WTC  SERPONG','JL. RAYA SERPONG, GEDUNG WTC  MATAHARI SERPONG LT. 1.','Tangerang Selatan','Banten','JL. RAYA SERPONG, GEDUNG WTC  MATAHARI SERPONG LT. 1. Tangerang Selatan Banten ',-6.266338,106.655881,' Mall '),(102,'GIANT MEGA BEKASI HYPERMALL','JL. AHMAD YANI KELUAR PINTU TOL BEKASI BARAT','Bekasi','Jawa Barat','JL. AHMAD YANI KELUAR PINTU TOL BEKASI BARAT Bekasi Jawa Barat ',-6.238203,106.965376,' Mall'),(103,'KENARI MAS','JL. KRAMAT RAYA NO 101 JAKARTA','Jakarta Pusat','DKI Jakarta','JL. KRAMAT RAYA NO 101 JAKARTA Jakarta Pusat DKI Jakarta ',-6.191311,106.848523,' Mall'),(104,'PLAZA EKALOKASARI','JL. SILIWANGI NO. 123','Bogor','Jawa Barat','JL. SILIWANGI NO. 123 Bogor Jawa Barat ',-6.620177,106.814530,' Mall'),(105,'PACIFIC MALL TEGAL','JL. MAYJEN SUTOYO NO. 35 KOMPLEK PASIFIC MALL - TEGAL 82113','Tegal','Jawa Tengah','JL. MAYJEN SUTOYO NO. 35 KOMPLEK PASIFIC MALL - TEGAL 82113 Tegal Jawa Tengah ',-6.879704,109.125592,' Mall'),(106,'SUPERMALL PAKUWON','JL. PUNCAK INDAH LONTAR NO. 2','Surabaya','Jawa Timur','JL. PUNCAK INDAH LONTAR NO. 2 Surabaya Jawa Timur ',-7.257472,112.752088,' Mall'),(107,'CARREFOUR LEBAK BULUS','JL. LEBAK BULUS NO. 8','Jakarta Selatan','DKI Jakarta','JL. LEBAK BULUS NO. 8 Jakarta Selatan DKI Jakarta ',-6.289187,106.776684,' Mall'),(108,'ROXY SQUARE','JL. KYAI TAPA NO. 1','Jakarta Barat','DKI Jakarta','JL. KYAI TAPA NO. 1 Jakarta Barat DKI Jakarta ',-6.168516,106.790662,' Mall'),(109,'ITC PERMATA HIJAU','JL. ARTERI PERMATA HIJAU JAKARTA 12210','Jakarta Selatan','DKI Jakarta','JL. ARTERI PERMATA HIJAU JAKARTA 12210 Jakarta Selatan DKI Jakarta ',-6.221463,106.783726,' Mall'),(110,'AYAM BULUNGAN JAKARTA','JL. BULUNGAN I / 64 KEBAYORAN BARU - JAKARTA SELATAN','Jakarta Selatan','DKI Jakarta','JL. BULUNGAN I / 64 KEBAYORAN BARU - JAKARTA SELATAN Jakarta Selatan DKI Jakarta ',-6.244073,106.796881,' In Line'),(111,'MANGGA DUA SQUARE','JL. MANGGA DUA RAYA','Jakarta Utara','DKI Jakarta','JL. MANGGA DUA RAYA Jakarta Utara DKI Jakarta ',-6.135918,106.826851,' Mall'),(112,'DISCOVERY MALL BALI','JL. KARTIKA PLAZA KUTA DENPASAR ','Denpasar','Bali','JL. KARTIKA PLAZA KUTA DENPASAR  Denpasar Bali ',-8.730855,115.167703,' Mall'),(113,'MALL ARTHA GADING','ARTHA GADING MAL LT. DASAR JL. BOULEVARD ARTHA GADING B1 & B2 KELAPA GADING BARAT - JAKUT','Jakarta Utara','DKI Jakarta','ARTHA GADING MAL LT. DASAR JL. BOULEVARD ARTHA GADING B1 & B2 KELAPA GADING BARAT - JAKUT Jakarta Utara DKI Jakarta ',-6.138414,106.863956,' Mall'),(114,'JAVA SUPERMALL SEMARANG','KOMPLEKS JAVA SUPERMALL JL. MT. HARYONO 992 - 994 LT. BASEMENT ','Semarang','Jawa Tengah','KOMPLEKS JAVA SUPERMALL JL. MT. HARYONO 992 - 994 LT. BASEMENT  Semarang Jawa Tengah ',-7.005145,110.438125,' Mall'),(115,'DARMO TRADE CENTER','JL. RAYA WONOKROMO','Surabaya','Jawa Timur','JL. RAYA WONOKROMO Surabaya Jawa Timur ',-7.302829,112.736796,' Mall'),(116,'SOLO GRAND MALL','JL. SLAMET RIYADI NO. 273','Surakarta','Jawa Tengah','JL. SLAMET RIYADI NO. 273 Surakarta Jawa Tengah ',-7.568059,110.814849,' Mall'),(117,'ITC BSD','JL. PAHLAWAN SERIBU BSD CITY - TANGGERANG','Tangerang Selatan','Banten','JL. PAHLAWAN SERIBU BSD CITY - TANGGERANG Tangerang Selatan Banten ',-6.284977,106.665292,' In Line'),(118,'YOGYA SUKABUMI','YOGYA DEPT. STORE JL. R.E MARTADINATA NO. 3','Sukabumi','Jawa Barat','YOGYA DEPT. STORE JL. R.E MARTADINATA NO. 3 Sukabumi Jawa Barat ',-6.927736,106.929958,' Mall'),(119,'RAMAYANA KARAWANG','JL. TUPAREV RAYA KARAWANG - JAWA BARAT','Kab. Karawang','Jawa Barat','JL. TUPAREV RAYA KARAWANG - JAWA BARAT Kab. Karawang Jawa Barat ',-6.310475,107.314766,' Mall'),(120,'PONDOK INDAH MALL II','JL. METRO PONDOK INDAH II','Jakarta Selatan','DKI Jakarta','JL. METRO PONDOK INDAH II Jakarta Selatan DKI Jakarta ',-6.275959,106.781886,' Food Court Mall'),(121,'MALANG TOWN SQUARE','JL. VETERAN NO. 2','Malang','Jawa Timur','JL. VETERAN NO. 2 Malang Jawa Timur ',-7.957280,112.617628,' Mall'),(122,'TANAH ABANG BLOK A','JL. KH. MAS MANSYUR PASAR TANAH ABANG BLOK A LT. 8 ','Jakarta Pusat','DKI Jakarta','JL. KH. MAS MANSYUR PASAR TANAH ABANG BLOK A LT. 8  Jakarta Pusat DKI Jakarta ',-6.192755,106.814551,' Food Court Mall'),(123,'ITC DEPOK','JL. MARGONDA RAYA','Depok','Jawa Barat','JL. MARGONDA RAYA Depok Jawa Barat ',-6.378348,106.831403,' Food Court Mall'),(124,'SRI RATU PURWOKERTO','JL. JEND. SUDIRMAN NO. 447','Kab. Banyumas','Jawa Tengah','JL. JEND. SUDIRMAN NO. 447 Kab. Banyumas Jawa Tengah ',-7.457559,109.293221,' Mall'),(125,'PLAZA BANJARSARI PEKALONGAN','JL. SULTAN AGUNG LT. DASAR NO. 1 - 11','Pekalongan','Jawa Tengah','JL. SULTAN AGUNG LT. DASAR NO. 1 - 11 Pekalongan Jawa Tengah ',-6.889836,109.674592,' Mall'),(126,'TRANSYOGI CIBUBUR','Jl. Alternatif Transyogi Cibubur KM. 1-3 , Depok ','Depok','Jawa Barat','Jl. Alternatif Transyogi Cibubur KM. 1-3 , Depok  Depok Jawa Barat ',-6.370554,106.849032,' In Line '),(127,'SADANG SQUARE PURWAKARTA','JL. VETERAN NO. 242','Kab. Purwakarta','Jawa Barat','JL. VETERAN NO. 242 Kab. Purwakarta Jawa Barat ',-6.525410,107.447779,' Mall'),(128,'BANDARA ADISUCIPTO YOGYAKARTA','JL. SOLO KM. 9 ','Kab. Sleman','DI Yogyakarta','JL. SOLO KM. 9  Kab. Sleman DI Yogyakarta ',-7.716165,110.335403,' In Line '),(129,'BOGOR TRADE MALL','JL. IR. H. JUANDA','Bogor','Jawa Barat','JL. IR. H. JUANDA Bogor Jawa Barat ',-6.574910,106.856773,' Mall'),(130,'AMBARUKMO MALL','JL. LAKSDA ADI SUCIPTO GF A 27 - 28','Kab. Sleman','DI Yogyakarta','JL. LAKSDA ADI SUCIPTO GF A 27 - 28 Kab. Sleman DI Yogyakarta ',-7.716165,110.335403,' Mall'),(131,'SUNCITY PLAZA SIDOARJO','JL. PAHLAWAN NO. 01 - SIDOARJO','Kab. Sidoarjo','Jawa Timur','JL. PAHLAWAN NO. 01 - SIDOARJO Kab. Sidoarjo Jawa Timur ',-7.449083,112.711224,' Mall'),(132,'OIL CENTER JAKARTA','JL. M. H THAMRIN KAV. 55','Jakarta Pusat','DKI Jakarta','JL. M. H THAMRIN KAV. 55 Jakarta Pusat DKI Jakarta ',-6.191560,106.823601,' In Line '),(133,'MALL TAMAN PALEM','JL. KAMAL RAYA OUTER RINGROAD LT. DASAR BLOK A','Jakarta Barat','DKI Jakarta','JL. KAMAL RAYA OUTER RINGROAD LT. DASAR BLOK A Jakarta Barat DKI Jakarta ',-6.170968,106.790098,' Mall'),(134,'BG JUNCTION SURABAYA','JL. BUBUTAN NO. 1 - 7','Surabaya','Jawa Timur','JL. BUBUTAN NO. 1 - 7 Surabaya Jawa Timur ',-7.260353,112.769369,' Mall'),(135,'TAMINI SQUARE','JL. RAYA PONDOK GEDE NO. 15 GARUDA PINANG RANTI','Jakarta Timur','DKI Jakarta','JL. RAYA PONDOK GEDE NO. 15 GARUDA PINANG RANTI Jakarta Timur DKI Jakarta ',-6.290707,106.884218,' Mall'),(136,'PARIS VAN JAVA','JL. SUKAJADI NO. 137 - 139','Bandung','Jawa Barat','JL. SUKAJADI NO. 137 - 139 Bandung Jawa Barat ',-6.863608,107.596344,' Mall'),(137,'GUNAWARMAN','JL. GUNAWARMAN NO. 80 BLOK Q1 KEL. RAWA BARAT , KEC. KEBAYORAN  BARU','Jakarta Selatan','DKI Jakarta','JL. GUNAWARMAN NO. 80 BLOK Q1 KEL. RAWA BARAT , KEC. KEBAYORAN  BARU Jakarta Selatan DKI Jakarta ',-6.243622,106.800140,' In Line'),(138,'BANDARA AHMAD YANI SEMARANG','KOMPLEKS BANDARA AHMAD YANI','Semarang','Jawa Tengah','KOMPLEKS BANDARA AHMAD YANI Semarang Jawa Tengah ',-6.978879,110.378359,' In Line '),(139,'ROYAL PLAZA SURABAYA','JL. AHMAD YANI NO. 16 - 18','Surabaya','Jawa Timur','JL. AHMAD YANI NO. 16 - 18 Surabaya Jawa Timur ',-7.385455,112.728343,' Mall'),(140,'SGC CIKARANG','JL. RE MARTADINATA RT. 04/09 DESA CIKARANG KOTA ','Kab. Bekasi','Jawa Barat','JL. RE MARTADINATA RT. 04/09 DESA CIKARANG KOTA  Kab. Bekasi Jawa Barat ',-6.260108,107.151406,' Mall'),(141,'METRO TRADE CENTER BANDUNG','JL. SOEKARNO HATTA NO. 590','Bandung','Jawa Barat','JL. SOEKARNO HATTA NO. 590 Bandung Jawa Barat ',-6.945503,107.641470,' Mall'),(142,'ITC KOPO','JL. KOPO NO. 599 BLOK 8 LT. DASAR','Bandung','Jawa Barat','JL. KOPO NO. 599 BLOK 8 LT. DASAR Bandung Jawa Barat ',-6.917464,107.619123,' Mall'),(143,'MALL SERANG','JL. VETERAN NO. 7 - SERANG','Serang','Banten','JL. VETERAN NO. 7 - SERANG Serang Banten ',-6.118068,106.157340,' Mall'),(144,'ITC ATOM','JL. BUNGURAN NO. 35 B ( GROUND FLOOR )','Surabaya','Jawa Timur','JL. BUNGURAN NO. 35 B ( GROUND FLOOR ) Surabaya Jawa Timur ',-7.257472,112.752088,' Mall'),(145,'PLAZA KALIBATA','JL. RAYA KALIBATA ','Jakarta Selatan','DKI Jakarta','JL. RAYA KALIBATA  Jakarta Selatan DKI Jakarta ',-6.255744,106.851412,' Mall'),(146,'CARREFOUR BEKASI','JL. CHAIRIL ANWAR NO. 27 - 36','Bekasi','Jawa Barat','JL. CHAIRIL ANWAR NO. 27 - 36 Bekasi Jawa Barat ',-6.255043,106.999271,' Mall'),(147,'JATINANGOR TOWN SQUARE','JL. RAYA SUMEDANG NO. 150','Kab. Sumedang','Jawa Barat','JL. RAYA SUMEDANG NO. 150 Kab. Sumedang Jawa Barat ',-6.922361,107.787902,' Mall'),(148,'DHOHO PLAZA KEDIRI','JL. BRIGJEN KATAMSO NO. 1 A - KEDIRI','Kediri','Jawa Timur','JL. BRIGJEN KATAMSO NO. 1 A - KEDIRI Kediri Jawa Timur ',-7.848016,112.017829,' Mall'),(149,'REST AREA KM 40 KARAWANG','JL. TOL JAKARTA - CIKAMPEK KM 40 DESA GINTUNG - KEC. KLARI','Kab. Karawang','Jawa Barat','JL. TOL JAKARTA - CIKAMPEK KM 40 DESA GINTUNG - KEC. KLARI Kab. Karawang Jawa Barat ',-6.129520,106.835722,' In Line'),(150,'PLAZA MAYASARI TASIKMALAYA','JL. PASAR WETAN ','Tasikmalaya','Jawa Barat','JL. PASAR WETAN  Tasikmalaya Jawa Barat ',-7.327936,108.216278,' Mall'),(151,'RATU PLAZA JAKARTA','JL. JEND. SUDIRMAN NO. 9 KEL. GELORA - KEC. TANAH ABANG JAKARTA 10270','Jakarta Pusat','DKI Jakarta','JL. JEND. SUDIRMAN NO. 9 KEL. GELORA - KEC. TANAH ABANG JAKARTA 10270 Jakarta Pusat DKI Jakarta ',-6.215420,106.803089,' Mall'),(152,'SENAYAN CITY JAKARTA','JL. ASIA AFRIKA RT. 001 / 06 KEL. GELORA - KEC. TANAH ABANG JAKARTA PUSAT','Jakarta Pusat','DKI Jakarta','JL. ASIA AFRIKA RT. 001 / 06 KEL. GELORA - KEC. TANAH ABANG JAKARTA PUSAT Jakarta Pusat DKI Jakarta ',-6.186486,106.834091,' Food Court Mall'),(153,'REST AREA KM 14 TANGERANG','REST AREA PINANG POINT TOL TANGERANG KM. 14','Tangerang','Banten','REST AREA PINANG POINT TOL TANGERANG KM. 14 Tangerang Banten ',-6.202394,106.652710,' In Line '),(154,'MOJOKERTO','JL. LETKOL SUMARJO NO. 67 MOJOKERTO - JAWA TIMUR','Mojokerto','Jawa Timur','JL. LETKOL SUMARJO NO. 67 MOJOKERTO - JAWA TIMUR Mojokerto Jawa Timur ',-7.463011,112.435281,' In Line'),(155,'SOLO SQUARE','JL. SLAMET RIYADI NO. 451 - 455','Surakarta','Jawa Tengah','JL. SLAMET RIYADI NO. 451 - 455 Surakarta Jawa Tengah ',-7.568059,110.814849,' Mall'),(156,'SRI RATU MADIUN','JL. PAHLAWAN NO. 47','Madiun','Jawa Timur','JL. PAHLAWAN NO. 47 Madiun Jawa Timur ',-7.702245,111.552811,' Mall'),(157,'JEMBER','JL. GAJAH MADA NO. 74','Kab. Jember','Jawa Timur','JL. GAJAH MADA NO. 74 Kab. Jember Jawa Timur ',-8.205955,113.608871,' In Line'),(158,'RAMAYANA SEMPER','JL. KRAMAT JAYA I , TUGU UTARA KEC. KOJA TANJUNG PRIOK','Jakarta Utara','DKI Jakarta','JL. KRAMAT JAYA I , TUGU UTARA KEC. KOJA TANJUNG PRIOK Jakarta Utara DKI Jakarta ',-6.118279,106.916933,' Mall'),(159,'CARREFOUR DENPASAR','JL. SUNSET ROAD','Denpasar','Bali','JL. SUNSET ROAD Denpasar Bali ',-8.700508,115.178769,' Mall'),(160,'TAMAN DAYU PANDAAN PASURUAN','JL. RAYA SURABAYA MALANG KM. 48 PANDAAN - PASURUAN','Pasuruan','Jawa Timur','JL. RAYA SURABAYA MALANG KM. 48 PANDAAN - PASURUAN Pasuruan Jawa Timur ',-7.646919,112.899923,' In Line'),(161,'PETRONAS CIPUTAT','JL. CIPUTAT RAYA, GINTUNG ( DEPAN MAKRO )','Tangerang Selatan','Banten','JL. CIPUTAT RAYA, GINTUNG ( DEPAN MAKRO ) Tangerang Selatan Banten ',-6.283522,106.711293,' In Line'),(162,'REST AREA KM 57 CIKAMPEK','JL. TOL JAKARTA - CIKAMPEK KM 57 DESA GINTUNG - KEC. KLARI','Kab. Karawang','Jawa Barat','JL. TOL JAKARTA - CIKAMPEK KM 57 DESA GINTUNG - KEC. KLARI Kab. Karawang Jawa Barat ',-6.129520,106.835722,' In Line '),(163,'DP MALL SEMARANG','JL. PEMUDA NO. 150','Semarang','Jawa Tengah','JL. PEMUDA NO. 150 Semarang Jawa Tengah ',-6.981418,110.412504,' Food Court Mall'),(164,'PLAZA ASIA TASIKMALAYA','JL. HZ MUSTOFA NO. 326','Tasikmalaya','Jawa Barat','JL. HZ MUSTOFA NO. 326 Tasikmalaya Jawa Barat ',-7.241834,108.190392,' Mall'),(165,'PASAR ATOM SURABAYA','JL. BUNGURAN NO. 45','Surabaya','Jawa Timur','JL. BUNGURAN NO. 45 Surabaya Jawa Timur ',-7.240858,112.743502,' Mall '),(166,'RAMAYANA SESETAN','JL. RAYA SESETAN NO. 22 ','Denpasar','Bali','JL. RAYA SESETAN NO. 22  Denpasar Bali ',-8.679866,115.215024,' Mall'),(167,'CIRENDEU','JL. RAYA CIRENDEU NO. 20 LEBAK BULUS - PAMULANG','Tangerang Selatan','Banten','JL. RAYA CIRENDEU NO. 20 LEBAK BULUS - PAMULANG Tangerang Selatan Banten ',-6.308194,106.769099,' In Line'),(168,'GRAND INDONESIA JAKARTA','JL. MH THAMRIN RT. 11 RW. 15 KEL. KEBON MELATI - KEC. TANAH ABANG','Jakarta Pusat','DKI Jakarta','JL. MH THAMRIN RT. 11 RW. 15 KEL. KEBON MELATI - KEC. TANAH ABANG Jakarta Pusat DKI Jakarta ',-6.202362,106.811938,' Food Court Mall'),(169,'SUMMARECON MALL SERPONG','JL. BOULEVARD GADING SERPONG BLOK AA NO. 43 - 45 - GADING SERPONG','Tangerang Selatan','Banten','JL. BOULEVARD GADING SERPONG BLOK AA NO. 43 - 45 - GADING SERPONG Tangerang Selatan Banten ',-6.308865,106.682188,' Food Court Mall'),(170,'ROXY BANYUWANGI','JL. A. YANI NO. 21 - 23','Kab. Banyuwangi','Jawa Timur','JL. A. YANI NO. 21 - 23 Kab. Banyuwangi Jawa Timur ',-7.043287,112.591189,' In Line'),(171,'RAMAYANA KUDUS','JL. SIMPANG 7 RAMAYANA MALL LT. 1 DEMAAN - KUDUS','Kudus','Jawa Tengah','JL. SIMPANG 7 RAMAYANA MALL LT. 1 DEMAAN - KUDUS Kudus Jawa Tengah ',-6.805987,110.838901,' Mall'),(172,'GRIYA SUMEDANG','JL. ABDUL RAHMAN NO. 35 ','Kab. Sumedang','Jawa Barat','JL. ABDUL RAHMAN NO. 35  Kab. Sumedang Jawa Barat ',-7.090911,107.668887,' Mall'),(173,'CARREFOUR KIARA CONDONG','SUKARNO HATTA 526 ','Bandung','Jawa Barat','SUKARNO HATTA 526  Bandung Jawa Barat ',-6.947618,107.634634,' Mall'),(174,'PANTAI INDAH KAPUK','JL. PANTAI INDAH UTARA 2 METRO CENTRO BLOK B 1 NO. 1','Jakarta Utara','DKI Jakarta','JL. PANTAI INDAH UTARA 2 METRO CENTRO BLOK B 1 NO. 1 Jakarta Utara DKI Jakarta ',-6.138414,106.863956,' In Line'),(175,'CBD CILEDUG','JL. HOS COKROAMINOTO NO. 93 KARANG TENGAH - CILEDUG','Tangerang Selatan','Banten','JL. HOS COKROAMINOTO NO. 93 KARANG TENGAH - CILEDUG Tangerang Selatan Banten ',-6.235088,106.736436,' Mall'),(176,'CIMAHI MALL','JL. GANDAWIJAYA - CIMAHI','Cimahi','Jawa Barat','JL. GANDAWIJAYA - CIMAHI Cimahi Jawa Barat ',-6.876448,107.540436,' Mall'),(177,'CITY OF TOMORROW','JL. A. YANI DEPAN BUNDARAN TOL WARU','Surabaya','Jawa Timur','JL. A. YANI DEPAN BUNDARAN TOL WARU Surabaya Jawa Timur ',-7.257472,112.752088,' Food Court Mall'),(178,'PONDOK GEDE PLAZA','JL. RAYA PONDOK GEDE, KEL. JATIWARINGIN KEC. PONDOK GEDE','Bekasi','Jawa Barat','JL. RAYA PONDOK GEDE, KEL. JATIWARINGIN KEC. PONDOK GEDE Bekasi Jawa Barat ',-6.238270,106.975573,' Mall'),(179,'BUARAN PLAZA','JL. RADIN INTEN RT.01 / 04 KLENDER DUREN SAWIT','Jakarta Timur','DKI Jakarta','JL. RADIN INTEN RT.01 / 04 KLENDER DUREN SAWIT Jakarta Timur DKI Jakarta ',-6.236563,106.922185,' Mall'),(180,'SUBANG','JL. OTTO ISKANDARDINATA NO. 106','Kab. Subang','Jawa Barat','JL. OTTO ISKANDARDINATA NO. 106 Kab. Subang Jawa Barat ',-6.550462,107.775751,' In Line'),(181,'HYPERMART PURI INDAH','JL. PURI INDAH SAMPING KANTOR  WALIKOTA JAKARTA BARAT ','Jakarta Barat','DKI Jakarta','JL. PURI INDAH SAMPING KANTOR  WALIKOTA JAKARTA BARAT  Jakarta Barat DKI Jakarta ',-6.168329,106.758849,' Mall'),(182,'CILACAP','JL. JENDERAL AHMAD YANI NO. 94 SIDAKAYA, CILACAP SELATAN','Kab. Cilacap','Jawa Tengah','JL. JENDERAL AHMAD YANI NO. 94 SIDAKAYA, CILACAP SELATAN Kab. Cilacap Jawa Tengah ',-7.734528,109.009476,' In Line'),(183,'RAWAMANGUN SQUARE','JL. PENGGAMBIRAN NO. 55, RAWAMANGUN','Jakarta Timur','DKI Jakarta','JL. PENGGAMBIRAN NO. 55, RAWAMANGUN Jakarta Timur DKI Jakarta ',-6.197602,106.879792,' Mall'),(184,'TELUK GONG','JL. TELUK GONG RAYA BLOK E 1 NO. 27','Jakarta Utara','DKI Jakarta','JL. TELUK GONG RAYA BLOK E 1 NO. 27 Jakarta Utara DKI Jakarta ',-6.139916,106.785224,' In Line'),(185,'MALL OLYMPIC GARDEN','JL. KAWI NO. 24 (KODE POS 65116)','Malang','Jawa Timur','JL. KAWI NO. 24 (KODE POS 65116) Malang Jawa Timur ',-7.975637,112.620258,' Mall'),(186,'BANDUNG TRADE MALL','JL. IBRAHIM ADJI - KIARA CONDONG','Bandung','Jawa Barat','JL. IBRAHIM ADJI - KIARA CONDONG Bandung Jawa Barat ',-6.927428,107.644378,' Mall'),(187,'JEPARA','JL. PEMUDA NO.23 - JEPARA','Kab. Jepara','Jawa Tengah','JL. PEMUDA NO.23 - JEPARA Kab. Jepara Jawa Tengah ',-6.596287,110.669716,' In Line'),(188,'METROPOLIS TOWN SQUARE','JL. HARTONO BOULEVARD','Tangerang','Banten','JL. HARTONO BOULEVARD Tangerang Banten ',-6.201742,106.642154,' Mall'),(189,'CITRA GARDEN II','JL. CITRA 2 BLOK D.J 1/1 -2 CITRA GARDEN CITY','Jakarta Barat','DKI Jakarta','JL. CITRA 2 BLOK D.J 1/1 -2 CITRA GARDEN CITY Jakarta Barat DKI Jakarta ',-6.122963,106.709812,' In Line'),(190,'PAMULANG SQUARE','JL. RAYA SILIWANGI- PAMULANG DEPAN CARREFOUR PAMULANG','Tangerang Selatan','Banten','JL. RAYA SILIWANGI- PAMULANG DEPAN CARREFOUR PAMULANG Tangerang Selatan Banten ',-6.347892,106.741156,' Mall'),(191,'JIMBARAN','JL. BY PASS NGURAH RAI - JIMBARAN','Kab. Badung','Bali','JL. BY PASS NGURAH RAI - JIMBARAN Kab. Badung Bali ',-8.783117,115.185333,' Free Standing'),(192,'SIMPANG CILEGON','PERTOKOAN BINTANG JL. RAYA MERAK SIMPANG TIGA - CILEGON','Cilegon','Banten','PERTOKOAN BINTANG JL. RAYA MERAK SIMPANG TIGA - CILEGON Cilegon Banten ',-6.002534,106.011120,' In Line'),(193,'PONDOK INDAH PLAZA','RUKO PONDOK INDAH SEKTOR II BLOK UA NO 44-45','Jakarta Selatan','DKI Jakarta','RUKO PONDOK INDAH SEKTOR II BLOK UA NO 44-45 Jakarta Selatan DKI Jakarta ',-6.261493,106.810600,' In Line'),(194,'KISAMAUN','JL. DAAN MOGOT KELURAHAN SURAKARSA KISAMAUN SEKTOR 2 BLOK UA NO. 44 - 45','Tangerang','Banten','JL. DAAN MOGOT KELURAHAN SURAKARSA KISAMAUN SEKTOR 2 BLOK UA NO. 44 - 45 Tangerang Banten ',-6.202394,106.652710,' Free Standing'),(195,'TAMAN TOPI SQUARE','JL. KAPTEN MUSLIHAT RUKO A','Bogor','Jawa Barat','JL. KAPTEN MUSLIHAT RUKO A Bogor Jawa Barat ',-6.597147,106.806039,' In Line'),(196,'UJUNG BERUNG','JL. RAYA UJUNG BERUNG NO. 194','Bandung','Jawa Barat','JL. RAYA UJUNG BERUNG NO. 194 Bandung Jawa Barat ',-6.901928,107.687428,' In Line'),(197,'PGC CILILITAN','JL. MAYJEN SUTOYO NO. 76 CILILITAN - KRAMAT JATI','Jakarta Timur','DKI Jakarta','JL. MAYJEN SUTOYO NO. 76 CILILITAN - KRAMAT JATI Jakarta Timur DKI Jakarta ',-6.259496,106.869560,' Mall'),(198,'MALL OF INDONESIA','Kelapa Gading Square, Lt. 2, Unit G-1 & G-2 Jl Boulevard Barat Raya, Kelapa Gading, Jakarta Utara.','Jakarta Utara','DKI Jakarta','Kelapa Gading Square, Lt. 2, Unit G-1 & G-2 Jl Boulevard Barat Raya, Kelapa Gading, Jakarta Utara. Jakarta Utara DKI Jakarta ',-6.171067,106.899981,' Food Court Mall'),(199,'EMPORIUM PLUIT','JL. RAYA PLUIT SELATAN KEL. PENJARINGAN - JAKUT','Jakarta Utara','DKI Jakarta','JL. RAYA PLUIT SELATAN KEL. PENJARINGAN - JAKUT Jakarta Utara DKI Jakarta ',-6.138414,106.863956,' Food Court Mall'),(200,'PROBOLINGGO','JL. SUROYO NO. 1 PROBOLINGGO','Probolinggo','Jawa Timur','JL. SUROYO NO. 1 PROBOLINGGO Probolinggo Jawa Timur ',-7.749265,113.215378,' In Line'),(201,'AHMAD YANI SURABAYA','JL. AHMAD YANI 76 - 86','Surabaya','Jawa Timur','JL. AHMAD YANI 76 - 86 Surabaya Jawa Timur ',-7.337693,112.729229,' Free Standing'),(202,'HAYAM WURUK 2','JL. HAYAM WURUK NO.103','Jakarta Pusat','DKI Jakarta','JL. HAYAM WURUK NO.103 Jakarta Pusat DKI Jakarta ',-6.153322,106.817792,' In Line'),(203,'BENTON JUNCTION','JL. BOULEVARD PALEM RAYA NO. 38 LIPPO VILAGE 1200','Tangerang','Banten','JL. BOULEVARD PALEM RAYA NO. 38 LIPPO VILAGE 1200 Tangerang Banten ',-6.202394,106.652710,' In Line'),(204,'JEMBATAN MERAH PLAZA 2','JMP PLAZA LANTAI DASAR JL. JAYENG RONO NO. 2','Surabaya','Jawa Timur','JMP PLAZA LANTAI DASAR JL. JAYENG RONO NO. 2 Surabaya Jawa Timur ',-7.257472,112.752088,' Mall'),(205,'SEASON CITY','JL. JEMBATAN BESI NO. 33 KEL. JEMBATAN BESI, KEC TAMBORA','Jakarta Barat','DKI Jakarta','JL. JEMBATAN BESI NO. 33 KEL. JEMBATAN BESI, KEC TAMBORA Jakarta Barat DKI Jakarta ',-6.149040,106.803089,' Mall'),(206,'CAKUNG','PLZ TAMAN MODERN CAKUNG JL. RAYA BEKASI KM. 24 CAKUNG - JKATIM','Jakarta Timur','DKI Jakarta','PLZ TAMAN MODERN CAKUNG JL. RAYA BEKASI KM. 24 CAKUNG - JKATIM Jakarta Timur DKI Jakarta ',-6.225014,106.900447,' Free Standing'),(207,'GRAND MALL BEKASI','JL. JEND. SUDIRMAN DEPAN KORAMIL 01 - BEKASI','Bekasi','Jawa Barat','JL. JEND. SUDIRMAN DEPAN KORAMIL 01 - BEKASI Bekasi Jawa Barat ',-6.238270,106.975573,' In Line'),(208,'MULYOSARI SURABAYA','JL. MULYOSARI NO. 121 BLOK AA','Surabaya','Jawa Timur','JL. MULYOSARI NO. 121 BLOK AA Surabaya Jawa Timur ',-7.265915,112.796212,' In Line'),(209,'GRAND INDONESIA 2','JL. MH THAMRIN RT. 11 RW. 15 KEL. KEBON MELATI - KEC. TANAH ABANG','Jakarta Pusat','DKI Jakarta','JL. MH THAMRIN RT. 11 RW. 15 KEL. KEBON MELATI - KEC. TANAH ABANG Jakarta Pusat DKI Jakarta ',-6.202362,106.811938,' Mall'),(210,'REST AREA KM 19 BEKASI','TOL JAKARTA - CIKAMPEK KM. 19 LAMBANG SARI - TAMBUN SELATAN','Bekasi','Jawa Barat','TOL JAKARTA - CIKAMPEK KM. 19 LAMBANG SARI - TAMBUN SELATAN Bekasi Jawa Barat ',-6.261198,107.042132,' In Line '),(211,'TAMAN HARAPAN INDAH','DEKAT BUNDARAN PATUNG KOTA HARAPAN  INDAH BEKASI - KEL. MEDAN SATRIA','Bekasi','Jawa Barat','DEKAT BUNDARAN PATUNG KOTA HARAPAN  INDAH BEKASI - KEL. MEDAN SATRIA Bekasi Jawa Barat ',-6.194132,106.986038,' Free Standing'),(212,'CITRA RAYA CIKUPA','CITRA RAYA BOULEVARD BLOK A 07 NO. 1 CIKUPA - TANGERANG','Kab. Tangerang','Banten','CITRA RAYA BOULEVARD BLOK A 07 NO. 1 CIKUPA - TANGERANG Kab. Tangerang Banten ',-6.202394,106.652710,' Free Standing'),(213,'MERDEKA 2 BANDUNG','JL. MERDEKA NO. 35 - 44','Bandung','Jawa Barat','JL. MERDEKA NO. 35 - 44 Bandung Jawa Barat ',-6.914886,107.662931,' In Line'),(214,'BOGOR INDAH PLAZA','JL. SHOLEH ISKANDARDINATA RUKO A 3 ','Bogor','Jawa Barat','JL. SHOLEH ISKANDARDINATA RUKO A 3  Bogor Jawa Barat ',-6.597147,106.806039,' In Line'),(215,'ITC MANGGA DUA','GEDUNG PUSAT GROSIR PASAR PAGI  MANGGA DUA JEMBATAN LT. II NO. 1 JL. MANGGA DUA RAYA','Jakarta Utara','DKI Jakarta','GEDUNG PUSAT GROSIR PASAR PAGI  MANGGA DUA JEMBATAN LT. II NO. 1 JL. MANGGA DUA RAYA Jakarta Utara DKI Jakarta ',-6.135918,106.826851,' Mall'),(216,'CIHAMPELAS WALK','JL. CIHAMPELAS NO. 160','Bandung','Jawa Barat','JL. CIHAMPELAS NO. 160 Bandung Jawa Barat ',-6.893545,107.605562,' Mall'),(217,'KALIMALANG','JL. INSPEKSI SALURAN KALIMALANG RT.009 / RW. 007 PONDOK BAMBU DUREN SAWIT JAKARTA TIMUR','Jakarta Timur','DKI Jakarta','JL. INSPEKSI SALURAN KALIMALANG RT.009 / RW. 007 PONDOK BAMBU DUREN SAWIT JAKARTA TIMUR Jakarta Timur DKI Jakarta ',-6.225014,106.900447,' Free Standing'),(218,'BLOK M SQUARE','JL. MELAWAI 5 - KEBAYORAN BARU','Jakarta Selatan','DKI Jakarta','JL. MELAWAI 5 - KEBAYORAN BARU Jakarta Selatan DKI Jakarta ',-6.245783,106.799558,' Mall'),(219,'ADITYAWARMAN SURABAYA','JL. ADITIAWARMAN ','Surabaya','Jawa Timur','JL. ADITIAWARMAN  Surabaya Jawa Timur ',-7.293845,112.730933,' Free Standing'),(220,'GRAND PARAGON','JL. GAJAH MADA 126 RT/RW 013/08 KEL. KEAGUNGAN KEC. TAMAN SARI JAKARTA 11130','Jakarta Pusat','DKI Jakarta','JL. GAJAH MADA 126 RT/RW 013/08 KEL. KEAGUNGAN KEC. TAMAN SARI JAKARTA 11130 Jakarta Pusat DKI Jakarta ',-6.150598,106.814150,' Mall'),(221,'GANDARIA CITY','JL. GANDARIA RT.12 RW.04 KEL. KEBAYORAN LAMA UTARA KEBAYORAN LAMA - JAKARTA SELATAN','Jakarta Selatan','DKI Jakarta','JL. GANDARIA RT.12 RW.04 KEL. KEBAYORAN LAMA UTARA KEBAYORAN LAMA - JAKARTA SELATAN Jakarta Selatan DKI Jakarta ',-6.261493,106.810600,' Mall'),(222,'CEMPAKA PUTIH JAKARTA','JL. CEMPAKA PUTIH RAYA,  NO 106 KEL. CEMPAKA PUTIH TIMUR, CEMPAKA PUTIH JAKARTA PUSAT','Jakarta Pusat','DKI Jakarta','JL. CEMPAKA PUTIH RAYA,  NO 106 KEL. CEMPAKA PUTIH TIMUR, CEMPAKA PUTIH JAKARTA PUSAT Jakarta Pusat DKI Jakarta ',-6.181921,106.861561,' Free Standing'),(223,'BSD SQUARE','SUNBURST CBD LOT I,1 JL KAPT. SOEBIANTO DJOJOHADIKUSUMO BSD CITY TANGERANG','Tangerang Selatan','Banten','SUNBURST CBD LOT I,1 JL KAPT. SOEBIANTO DJOJOHADIKUSUMO BSD CITY TANGERANG Tangerang Selatan Banten ',-6.283522,106.711293,' Free Standing'),(224,'CIDENG JAKARTA','JL. TANAH ABANG II NO. 85 KEL. PETOJO SELATAN , KEC. GAMBIR JAKARTA PUSAT','Jakarta Pusat','DKI Jakarta','JL. TANAH ABANG II NO. 85 KEL. PETOJO SELATAN , KEC. GAMBIR JAKARTA PUSAT Jakarta Pusat DKI Jakarta ',-6.186486,106.834091,' In Line'),(225,'ITC ROXY MAS','JL. KH. HASYIM ASHARI KEL. CIDENG KECAMATAN GAMBIR','Jakarta Pusat','DKI Jakarta','JL. KH. HASYIM ASHARI KEL. CIDENG KECAMATAN GAMBIR Jakarta Pusat DKI Jakarta ',-6.170590,106.807514,' Food Court Mall'),(226,'SARINAH MALANG','JL. BASUKI RAHMAT NO. 2 JAWA TIMUR','Malang','Jawa Timur','JL. BASUKI RAHMAT NO. 2 JAWA TIMUR Malang Jawa Timur ',-7.983690,112.627983,' In Line'),(227,'SETIABUDI SUKAWANGI','JL. SUKAWANGI NO. 1 SETIABUDI','Bandung','Jawa Barat','JL. SUKAWANGI NO. 1 SETIABUDI Bandung Jawa Barat ',-6.917464,107.619123,' Free Standing'),(228,'REST AREA KM 62 CIKAMPEK','JL TOL CIKAMPEK - JAKARTA KM. 62','Kab. Karawang','Jawa Barat','JL TOL CIKAMPEK - JAKARTA KM. 62 Kab. Karawang Jawa Barat ',-6.248289,106.879351,' Free Standing '),(229,'ST MORITZ PURI INDAH',' Lippo Mall Puri St.Moritz Food Court Food Avenue Lantai 1, Unit FCS -09 Puri Indah Blok U1, CBD, Jakarta Barat ','Jakarta Barat','DKI Jakarta','Lippo Mall Puri St.Moritz Food Court Food Avenue Lantai 1, Unit FCS -09 Puri Indah Blok U1, CBD, Jakarta Barat Jakarta Barat DKI Jakarta ',-6.168329,106.758849,' Food Court Mall'),(230,'LA TERRACE','JL. LENTENG AGUNG RAYA RT. 003/06 KEL. SRENSENG SAWAH. KEC JAGAKARSA JAKARTA SELATAN','Jakarta Selatan','DKI Jakarta','JL. LENTENG AGUNG RAYA RT. 003/06 KEL. SRENSENG SAWAH. KEC JAGAKARSA JAKARTA SELATAN Jakarta Selatan DKI Jakarta ',-6.261493,106.810600,' Free Standing'),(231,'ITC BSD FOODCOURT','JL. PAHLAWAN SERIBU BSD CITY - TANGGERANG','Tangerang Selatan','Banten','JL. PAHLAWAN SERIBU BSD CITY - TANGGERANG Tangerang Selatan Banten ',-6.284977,106.665292,' Food Court Mall'),(232,'ITC CEMPAKA MAS FOODCOURT','JL.CEMPAKA PUTIH LT. 5 CEMPAKA MAS BIG SPACE FOODCOURT/160','Jakarta Pusat','DKI Jakarta','JL.CEMPAKA PUTIH LT. 5 CEMPAKA MAS BIG SPACE FOODCOURT/160 Jakarta Pusat DKI Jakarta ',-6.186486,106.834091,' Food Court Mall'),(233,'GATOT SUBROTO BARAT BALI','JL. GATOT SUBROTO BARAT BANJAR LEPANG PADANGSAMBIAN DENPASAR ','Denpasar','Bali','JL. GATOT SUBROTO BARAT BANJAR LEPANG PADANGSAMBIAN DENPASAR  Denpasar Bali ',-8.654622,115.185952,' Free Standing'),(234,'TAMAN SEMANAN INDAH','KOMPLEK TAMAN SEMANAN INDAH BLOK F NO. 1,2,3 RT. 00 / RW. 11 KEL. DURI KOSAMBI KEC. CENGKARENG, JAKARTA BARAT','Jakarta Barat','DKI Jakarta','KOMPLEK TAMAN SEMANAN INDAH BLOK F NO. 1,2,3 RT. 00 / RW. 11 KEL. DURI KOSAMBI KEC. CENGKARENG, JAKARTA BARAT Jakarta Barat DKI Jakarta ',-6.168329,106.758849,' In Line'),(235,'KARTINI CIREBON','JL. KARTINI NO. 46 CIREBON ','Cirebon','Jawa Barat','JL. KARTINI NO. 46 CIREBON  Cirebon Jawa Barat ',-6.711191,108.555367,' Free Standing'),(236,'MELAWAI PLAZA','JL. MELAWAI - KEBAYORAN BARU','Jakarta Selatan','DKI Jakarta','JL. MELAWAI - KEBAYORAN BARU Jakarta Selatan DKI Jakarta ',-6.245874,106.799597,' Mall'),(237,'KUTA BEX','JL RAYA KUTA','Kab. Badung','Bali','JL RAYA KUTA Kab. Badung Bali ',-8.722399,115.174858,' Mall'),(238,'PONDOK CHANDRA','JL RUNGKUT MENANGGAL NO 32 SURABAYA','Surabaya','Jawa Timur','JL RUNGKUT MENANGGAL NO 32 SURABAYA Surabaya Jawa Timur ',-7.341266,112.767900,' Free Standing'),(239,'CIPUTRA WORLD SURABAYA','CIPUTRA WORLD FOOD COURT LANTAI 3 unit 38-39, Jl. M Sungkono No.89  ','Surabaya','Jawa Timur','CIPUTRA WORLD FOOD COURT LANTAI 3 unit 38-39, Jl. M Sungkono No.89   Surabaya Jawa Timur ',-7.257472,112.752088,' Food Court Mall'),(240,'BANDARA SOEKARNO-HATTA TERM 1C PARKING AREA','BANDARA INTERNATIONAL SOEKARNO HATTA TERM. 2 E-F ','Tangerang','Banten','BANDARA INTERNATIONAL SOEKARNO HATTA TERM. 2 E-F  Tangerang Banten ',-6.202394,106.652710,' Free Standing '),(241,'TANGERANG CITY','Tang City Mall Jl. Jend. Sudirman No. 1 Cikokol Tangerang 15117','Tangerang','Banten','Tang City Mall Jl. Jend. Sudirman No. 1 Cikokol Tangerang 15117 Tangerang Banten ',-6.210724,106.632078,' Mall'),(242,'FESTIVAL CITYLINK','Jl. Peta No. 241 Bandung - 40232','Bandung','Jawa Barat','Jl. Peta No. 241 Bandung - 40232 Bandung Jawa Barat ',-6.929696,107.586242,' Food Court Mall'),(243,'CIBUBUR CIKEAS','Jl. Alternatif Cibubur  Rt.002 Rw. 007 Kel. Ngarak Kab.Gunung Putri - Bogor','Kab. Bogor','Jawa Barat','Jl. Alternatif Cibubur  Rt.002 Rw. 007 Kel. Ngarak Kab.Gunung Putri - Bogor Kab. Bogor Jawa Barat ',-6.597147,106.806039,' Free Standing'),(244,'ISTANA PLAZA','Jl. Pasirkaliki 121-123 Bandung 40173','Bandung','Jawa Barat','Jl. Pasirkaliki 121-123 Bandung 40173 Bandung Jawa Barat ',-6.906154,107.597254,' Food Court Mall'),(245,'PLAZA SETIABUDI - SRONDOL','Jl. Setiabudi 217 Srondol Kulon, Banyumanik Semarang','Semarang','Jawa Tengah','Jl. Setiabudi 217 Srondol Kulon, Banyumanik Semarang Semarang Jawa Tengah ',-7.054296,110.416042,' Free Standing'),(246,'TANJUNG DUREN','Jl. Tanjung Duren Raya 54 C Rt. 001/ Rw. 04. Tanjung Duren Utara - Grogol Petamburan - Jakarta Barat','Jakarta Barat','DKI Jakarta','Jl. Tanjung Duren Raya 54 C Rt. 001/ Rw. 04. Tanjung Duren Utara - Grogol Petamburan - Jakarta Barat Jakarta Barat DKI Jakarta ',-6.174489,106.779977,' In Line'),(247,'PONDOK GEDE PARK','Jl. Raya Pondok Gede Rt. 002 / 01, Jatiwaringin, Pondok Gede, Bekasi','Bekasi','Jawa Barat','Jl. Raya Pondok Gede Rt. 002 / 01, Jatiwaringin, Pondok Gede, Bekasi Bekasi Jawa Barat ',-6.238270,106.975573,' Free Standing'),(248,'ARTHA GADING FOODCOURT','ARTHA GADING MAL FOOD COURT JL. BOULEVARD ARTHA GADING B1 & B2 KELAPA GADING BARAT - JAKUT','Jakarta Utara','DKI Jakarta','ARTHA GADING MAL FOOD COURT JL. BOULEVARD ARTHA GADING B1 & B2 KELAPA GADING BARAT - JAKUT Jakarta Utara DKI Jakarta ',-6.138414,106.863956,' Food Court Mall'),(249,'TAMAN PALEM FOODCOURT','JL. Kamal Raya Outer Ringroad Cengkareng Jakarta Barat, Semi Basement Blok 9-10 ','Jakarta Barat','DKI Jakarta','JL. Kamal Raya Outer Ringroad Cengkareng Jakarta Barat, Semi Basement Blok 9-10  Jakarta Barat DKI Jakarta ',-6.168329,106.758849,' Food Court Mall'),(250,'KALIBATA CITY','Jl. Kalibata Raya No. 1, Jakarta Selatan 12750','Jakarta Selatan','DKI Jakarta','Jl. Kalibata Raya No. 1, Jakarta Selatan 12750 Jakarta Selatan DKI Jakarta ',-6.259166,106.859410,' Food Court Mall'),(251,'ARMADA TOWN SQUARE','Jl. Mayjend Bambang Soegeng No. 1 Magelang, Jawa Tengah - Indonesia. P.O.BOX. 160 Magelang','Magelang','Jawa Tengah','Jl. Mayjend Bambang Soegeng No. 1 Magelang, Jawa Tengah - Indonesia. P.O.BOX. 160 Magelang Magelang Jawa Tengah ',-7.479734,110.217694,' Mall'),(252,'FOODPOINT MALIOBORO','Jl Malioboro Yogyakarta','Yogyakarta','DI Yogyakarta','Jl Malioboro Yogyakarta Yogyakarta DI Yogyakarta ',-7.795580,110.369490,' Food Court Mall'),(253,'DAAN MOGOT BARU','Jl. Utan Jati 65, Kel. Kalideres, Kec. Kalideres, Jakarta Barat','Jakarta Barat','DKI Jakarta','Jl. Utan Jati 65, Kel. Kalideres, Kec. Kalideres, Jakarta Barat Jakarta Barat DKI Jakarta ',-6.168329,106.758849,' Free Standing'),(254,'ALAM SUTERA','Jl. Boulevard Alam Sutera Kav. A. Kel. Pakualam, Kec. Serpong Utara, Kota Tangerang Selatan ','Tangerang Selatan','Banten','Jl. Boulevard Alam Sutera Kav. A. Kel. Pakualam, Kec. Serpong Utara, Kota Tangerang Selatan  Tangerang Selatan Banten ',-6.258454,106.658605,' Free Standing'),(255,'MARGONDA','Jl. Margonda Raya. Rt. 001/02 Kel. Kemii Muka, Kec. Beji, Depok','Depok','Jawa Barat','Jl. Margonda Raya. Rt. 001/02 Kel. Kemii Muka, Kec. Beji, Depok Depok Jawa Barat ',-6.375881,106.823737,' Free Standing'),(256,'SETURAN YOGYAKARTA','Merapi Merbabu Hotel. Jl. Raya Seturan, Sleman , Yogyakarta','Kab. Sleman','DI Yogyakarta','Merapi Merbabu Hotel. Jl. Raya Seturan, Sleman , Yogyakarta Kab. Sleman DI Yogyakarta ',-7.716165,110.335403,' In Line'),(257,'KOTA KASABLANKA','Jl Casablanca Kav 88 RT 007/008 Menteng Dalam Tebet Jakarta Selatan','Jakarta Selatan','DKI Jakarta','Jl Casablanca Kav 88 RT 007/008 Menteng Dalam Tebet Jakarta Selatan Jakarta Selatan DKI Jakarta ',-6.223210,106.846515,' Mall'),(258,'BINTARO ANNEX','Area Foodwalk / Blok Annex - 6B. pLaza Bintaro Jaya, Jl. Bintaro Utama III, Bintaro Jaya Sektor 3A, Tangerang 15225. Telp. 735-4888/021-735 3003','Tangerang Selatan','Banten','Area Foodwalk / Blok Annex - 6B. pLaza Bintaro Jaya, Jl. Bintaro Utama III, Bintaro Jaya Sektor 3A, Tangerang 15225. Telp. 735-4888/021-735 3003 Tangerang Selatan Banten ',-6.283522,106.711293,' In Line'),(259,'CIPUTAT GAPLEK','Jl. Cabe Raya RT. 003/05  Kel. Pondok Cabe Udik Kec. Pamulang, Tangerang - Banten','Tangerang Selatan','Banten','Jl. Cabe Raya RT. 003/05  Kel. Pondok Cabe Udik Kec. Pamulang, Tangerang - Banten Tangerang Selatan Banten ',-6.283522,106.711293,' Free Standing'),(260,'JX JATINEGARA','Jl. Jatinegara Timur No. 60-62. Jakarta Timur','Jakarta Timur','DKI Jakarta','Jl. Jatinegara Timur No. 60-62. Jakarta Timur Jakarta Timur DKI Jakarta ',-6.223271,106.868021,' In Line'),(261,'NATURE PARK CIMONE','Jl. Gatot Subroto Rt. 03/01 Kel. Cimone Jaya, Kec.Karawaci, Kota Tangerang, Propinsi Banten','Tangerang','Banten','Jl. Gatot Subroto Rt. 03/01 Kel. Cimone Jaya, Kec.Karawaci, Kota Tangerang, Propinsi Banten Tangerang Banten ',-6.202394,106.652710,' Free Standing'),(262,'GARUT PLAZA','Ramayana Garut. Lt. Dasar No. Unit R-GF.D. Jl. Guntur, Kel. Pakuwon, Kec. Garut Kota, Garut','Kab. Garut','Jawa Barat','Ramayana Garut. Lt. Dasar No. Unit R-GF.D. Jl. Guntur, Kel. Pakuwon, Kec. Garut Kota, Garut Kab. Garut Jawa Barat ',-7.227906,107.908699,' Free Standing'),(263,'GATOT SUBROTO TIMUR BALI','Jl. Gatot Subroto, Kel. Tonja, Kec. Denpasar Utara, Denpasar','Denpasar','Bali','Jl. Gatot Subroto, Kel. Tonja, Kec. Denpasar Utara, Denpasar Denpasar Bali ',-8.625358,115.206701,' Free Standing'),(264,'HARTONO MALL SOLO BARU','Hartono Mall, Unit GF - B01, Ground Floor, Jl Solo Baru RT 005/ RW 005 Madegondo Sukoharjo Jawa Tengah','Kab. Sukoharjo','Jawa Tengah','Hartono Mall, Unit GF - B01, Ground Floor, Jl Solo Baru RT 005/ RW 005 Madegondo Sukoharjo Jawa Tengah Kab. Sukoharjo Jawa Tengah ',-7.683029,110.814733,' Mall'),(265,'CIREBON SUPER BLOCK','Mall Cirebon Superblock, Foodcourt Unit 3A-06, Second Floor, Jl. Dr Cipto Mangunkusumo, No 26 Cirebon Jawa Barat','Cirebon','Jawa Barat','Mall Cirebon Superblock, Foodcourt Unit 3A-06, Second Floor, Jl. Dr Cipto Mangunkusumo, No 26 Cirebon Jawa Barat Cirebon Jawa Barat ',-6.732023,108.552316,' Food Court Mall'),(266,'SALEMBA JAKARTA','Jl. Salemba Raya No. 29, Rt. 001/06, Kel. Paseban, Kec. Senen , JakPus','Jakarta Pusat','DKI Jakarta','Jl. Salemba Raya No. 29, Rt. 001/06, Kel. Paseban, Kec. Senen , JakPus Jakarta Pusat DKI Jakarta ',-6.186486,106.834091,' Free Standing'),(267,'LAMONGAN PLAZA','Plaza Lamongan, JL. Panglima Sudirman, Lamongan ','Kab. Lamongan','Jawa Timur','Plaza Lamongan, JL. Panglima Sudirman, Lamongan  Kab. Lamongan Jawa Timur ',-7.113366,112.422288,' In Line'),(268,'KEMANGGISAN JAKARTA','Jl. Kebon Jeruk Raya 8rt. 006/RW.12 , Kel. Palmerah, Kec. Palmerah, Jakarta Barat','Jakarta Barat','DKI Jakarta','Jl. Kebon Jeruk Raya 8rt. 006/RW.12 , Kel. Palmerah, Kec. Palmerah, Jakarta Barat Jakarta Barat DKI Jakarta ',-6.168329,106.758849,' Free Standing'),(269,'SURYA SUMANTRI BANDUNG','Jl. Suryasumantri 62Rt.001/05 Sukawarna - Sukajadi - Kota Bandung ','Bandung','Jawa Barat','Jl. Suryasumantri 62Rt.001/05 Sukawarna - Sukajadi - Kota Bandung  Bandung Jawa Barat ',-6.885694,107.581449,' In Line'),(270,'SESETAN DENPASAR','Jl. Raya Sesetan, Kel. Sesetan, Kec. Denpasar Selatan, kota Denpasar','Denpasar','Bali','Jl. Raya Sesetan, Kel. Sesetan, Kec. Denpasar Selatan, kota Denpasar Denpasar Bali ',-8.698311,115.248196,' Free Standing'),(271,'PARUNG PLAZA','Jl. Raya Parung, Bogor. Ramayana Parung Lt.1 No. Unit R-1D ','Kab. Bogor','Jawa Barat','Jl. Raya Parung, Bogor. Ramayana Parung Lt.1 No. Unit R-1D  Kab. Bogor Jawa Barat ',-6.597147,106.806039,' Mall'),(272,'MALL ALAM SUTERA','Food Court Mango Farm, Jl. Jalur Sutera 30D/18 Alam Sutera 1535 Lt. LG ','Tangerang Selatan','Banten','Food Court Mango Farm, Jl. Jalur Sutera 30D/18 Alam Sutera 1535 Lt. LG  Tangerang Selatan Banten ',-6.283522,106.711293,' Food Court Mall'),(273,'RADEN INTEN JAKARTA','Jl. Raden Inten RT.009 RW. 010 Kel.Duren Sawit, Kec. Duren Sawit,  Jakarta Timur','Jakarta Timur','DKI Jakarta','Jl. Raden Inten RT.009 RW. 010 Kel.Duren Sawit, Kec. Duren Sawit,  Jakarta Timur Jakarta Timur DKI Jakarta ',-6.225014,106.900447,' Free Standing'),(274,'SARINAH PLAZA','Jl.M.H Thamrin No.11 jakarta 10350 (Ground Floor)','Jakarta Pusat','DKI Jakarta','Jl.M.H Thamrin No.11 jakarta 10350 (Ground Floor) Jakarta Pusat DKI Jakarta ',-6.186486,106.834091,' Mall'),(275,'SINGARAJA BALI','Jl. Ngurahrai 78, Kelurahan Banjar Jawa, Kecamatan Buleleng, Kabupaten Buleleng, Bali','Kab. Buleleng','Bali','Jl. Ngurahrai 78, Kelurahan Banjar Jawa, Kecamatan Buleleng, Kabupaten Buleleng, Bali Kab. Buleleng Bali ',-8.112828,115.092562,' In Line'),(276,'PRAPATAN TUGU TANI','Jl.Ikhwan ridwan rais no.7-B, Kel. Gambir, Kec. Gambir, Jakarta Pusat ','Jakarta Pusat','DKI Jakarta','Jl.Ikhwan ridwan rais no.7-B, Kel. Gambir, Kec. Gambir, Jakarta Pusat  Jakarta Pusat DKI Jakarta ',-6.186486,106.834091,' Free Standing'),(277,'GRAGE MALL II CIREBON','Jl. Pangeran Drajat Perumahan Penggambiran Residen Cluster oasis Blok A 1 No.2 Cirebon','Cirebon','Jawa Barat','Jl. Pangeran Drajat Perumahan Penggambiran Residen Cluster oasis Blok A 1 No.2 Cirebon Cirebon Jawa Barat ',-6.728248,108.568147,' Mall'),(278,'CIBABAT CIMAHI','Jl. Raya Cibabat, Rt. 01/ Rw. 03 Kel. Cibabat, Kec. Cimahi Utara, Kota Cimahi','Cimahi','Jawa Barat','Jl. Raya Cibabat, Rt. 01/ Rw. 03 Kel. Cibabat, Kec. Cimahi Utara, Kota Cimahi Cimahi Jawa Barat ',-6.884082,107.541304,' In Line'),(279,'GRAND GALAXY PARK','Jl. Grand Galaxy Boulevard No.1, Kelurahan Jakasetia Kec. Bekasi Selatan, Bekasi 17147','Bekasi','Jawa Barat','Jl. Grand Galaxy Boulevard No.1, Kelurahan Jakasetia Kec. Bekasi Selatan, Bekasi 17147 Bekasi Jawa Barat ',-6.276224,106.974231,' In Line'),(280,'SUMMARECON MALL BEKASI','Jl. Jend. Sudirman No.1A , Bekasi 17143','Bekasi','Jawa Barat','Jl. Jend. Sudirman No.1A , Bekasi 17143 Bekasi Jawa Barat ',-6.228945,106.984323,' Food Court Mall'),(281,'MANYAR KERTOARJO','Jl. Manyar Kertoarjo  No. 92-94, manyar sabrangan, mulyorejo,Surabaya','Surabaya','Jawa Timur','Jl. Manyar Kertoarjo  No. 92-94, manyar sabrangan, mulyorejo,Surabaya Surabaya Jawa Timur ',-7.280583,112.769713,' Free Standing'),(282,'REST AREA KM 97 CIPULARANG','Jl. Tol Purbaleunyi KM. 97B, Kel. Sadarkarya, Kec. Darangdan, Purwakarta, Jawa Barat','Kab. Purwakarta','Jawa Barat','Jl. Tol Purbaleunyi KM. 97B, Kel. Sadarkarya, Kec. Darangdan, Purwakarta, Jawa Barat Kab. Purwakarta Jawa Barat ',-6.540667,107.446272,' Free Standing '),(283,'STASIUN GAMBIR','Jl. Medan Merdeka Timur No.1, Kel. Gambir, Kec. Gambir, Jakarta Pusat','Jakarta Pusat','DKI Jakarta','Jl. Medan Merdeka Timur No.1, Kel. Gambir, Kec. Gambir, Jakarta Pusat Jakarta Pusat DKI Jakarta ',-6.186486,106.834091,' In Line '),(284,'DIPONEGORO SURABAYA','Jl. Diponegoro 217. Rt. 06 / RW. 10, Kel. Darmo, Kec. Wonokromo, Surabaya - Jawa Timur','Surabaya','Jawa Timur','Jl. Diponegoro 217. Rt. 06 / RW. 10, Kel. Darmo, Kec. Wonokromo, Surabaya - Jawa Timur Surabaya Jawa Timur ',-7.303957,112.736011,' In Line'),(285,'LIPPO CIKARANG FOODCOURT','Textum Foodcourt, Mall Lippo Cikarang, Jl MH Thamrin, Lippo Cikarang, Kab. Bekasi, Jawa Barat.','Kab. Bekasi','Jawa Barat','Textum Foodcourt, Mall Lippo Cikarang, Jl MH Thamrin, Lippo Cikarang, Kab. Bekasi, Jawa Barat. Kab. Bekasi Jawa Barat ',-6.238270,106.975573,' Food Court Mall'),(286,'ROYAL PLAZA FOODCOURT','Royal Plaza, Ruangan Unit Lt. 3 No O1 - 29, 30, dan 30A, Jl Ahmad Yani No 16-18, Surabaya, Jawa Timur.','Surabaya','Jawa Timur','Royal Plaza, Ruangan Unit Lt. 3 No O1 - 29, 30, dan 30A, Jl Ahmad Yani No 16-18, Surabaya, Jawa Timur. Surabaya Jawa Timur ',-7.257472,112.752088,' Food Court Mall'),(287,'SGC CIKARANG FOODCOURT','Sentra Grosir Cikarang, Lt. 2 / Zona Merah / No. 39, 50. dan 51, Jl RE Martadinata, Kel. Cikarang Kota, Kec. Cikarang Utara, Kab. Bekasi, Jawa Barat.','Kab. Bekasi','Jawa Barat','Sentra Grosir Cikarang, Lt. 2 / Zona Merah / No. 39, 50. dan 51, Jl RE Martadinata, Kel. Cikarang Kota, Kec. Cikarang Utara, Kab. Bekasi, Jawa Barat. Kab. Bekasi Jawa Barat ',-6.238270,106.975573,' Food Court Mall'),(288,'STASIUN KOTA','Jl. Stasiun Kota, Kel. Pinangsia, Kec. Taman sari, Jakarta Barat','Jakarta Utara','DKI Jakarta','Jl. Stasiun Kota, Kel. Pinangsia, Kec. Taman sari, Jakarta Barat Jakarta Utara DKI Jakarta ',-6.138414,106.863956,' In Line '),(289,'HARCO MANGGA DUA','Plaza Elektronika Harco Mangga Dua, Jl Mangga Dua Raya, Jakarta Utara.','Jakarta Utara','DKI Jakarta','Plaza Elektronika Harco Mangga Dua, Jl Mangga Dua Raya, Jakarta Utara. Jakarta Utara DKI Jakarta ',-6.138414,106.863956,' Mall'),(290,'SUTOYO TEGAL','Jl. Mayjend Sutoyo No. 42,  Pekauman, Kec. Tegal Barat, Tegal, Jawa Tengah','Tegal','Jawa Tengah','Jl. Mayjend Sutoyo No. 42,  Pekauman, Kec. Tegal Barat, Tegal, Jawa Tengah Tegal Jawa Tengah ',-6.869483,109.130288,' Free Standing'),(291,'CILEDUG PETUKANGAN','Jl. Ciledug Raya No.12 Petukangan.','Jakarta Selatan','DKI Jakarta','Jl. Ciledug Raya No.12 Petukangan. Jakarta Selatan DKI Jakarta ',-6.235309,106.752738,' Free Standing'),(292,'GRAND METROPOLITAN BEKASI','Jl. K.H. Noer Ali, Bekasi','Bekasi','Jawa Barat','Jl. K.H. Noer Ali, Bekasi Bekasi Jawa Barat ',-6.199660,107.031032,' Mall'),(293,'ANCOL BEACH CITY','Ancol Beach City, Pantai Carnaval, Taman Impian Jaya Ancol, Jakarta Utara 14430','Jakarta Utara','DKI Jakarta','Ancol Beach City, Pantai Carnaval, Taman Impian Jaya Ancol, Jakarta Utara 14430 Jakarta Utara DKI Jakarta ',-6.130519,106.823737,' Mall'),(294,'MT HARYONO SEMARANG','Jl. MT. Haryono 884 RT.009 RW.07 Kelurahan Peterongan, Kecamatan Semarang Selatan ','Semarang','Jawa Tengah','Jl. MT. Haryono 884 RT.009 RW.07 Kelurahan Peterongan, Kecamatan Semarang Selatan  Semarang Jawa Tengah ',-6.999598,110.434401,' In Line'),(295,'TEUKU UMAR BARAT','SPBU Jl. Teuku Umar Barat Bali (disamping McD Teuku Umar)','Denpasar','Bali','SPBU Jl. Teuku Umar Barat Bali (disamping McD Teuku Umar) Denpasar Bali ',-8.670458,115.212629,' Free Standing'),(296,'SENTUL CITY','Jl. Thamrin No.25, Kec. Babakan Madang, Kab. Bogor, Sentul - Jawa Barat','Kab. Bogor','Jawa Barat','Jl. Thamrin No.25, Kec. Babakan Madang, Kab. Bogor, Sentul - Jawa Barat Kab. Bogor Jawa Barat ',-6.597147,106.806039,' Free Standing'),(297,'BOX STASIUN MANGGARAI','Stasiun Manggarai, JL. Manggarai Utara No. 1 Jakarta Selatan','Jakarta Selatan','DKI Jakarta','Stasiun Manggarai, JL. Manggarai Utara No. 1 Jakarta Selatan Jakarta Selatan DKI Jakarta ',-6.209332,106.848679,'BOX'),(298,'REST AREA KM 26 SURABAYA','JL. TOL SURABAYA- GEMPOL KM.26, DESA SIDOKEPUNG,KEC.BUDURAN','Kab.Sidoarjo','Jawa Timur','JL. TOL SURABAYA- GEMPOL KM.26, DESA SIDOKEPUNG,KEC.BUDURAN Kab.Sidoarjo Jawa Timur ',-7.449772,112.701549,' Free Standing'),(299,'JATI ASIH BEKASI','Jl.Wibawa Mukti (sebrang giant) Jati Asih Bekasi','Bekasi','Jawa Barat','Jl.Wibawa Mukti (sebrang giant) Jati Asih Bekasi Bekasi Jawa Barat ',-6.238270,106.975573,' Free Standing'),(300,'BOX PLAZA MANDIRI','Plaza Mandiri. Jl. Gatot Subroto Kav.36-38 Jakarta 12190 Ged. Bank Exim Lt.2','Jakarta Selatan','DKI Jakarta','Plaza Mandiri. Jl. Gatot Subroto Kav.36-38 Jakarta 12190 Ged. Bank Exim Lt.2 Jakarta Selatan DKI Jakarta ',-6.261493,106.810600,'BOX'),(301,'BSB SEMARANG','KO Graha Taman Karet., Kelurahan Gedung Pane, Kecamatan Mijen, Semarang - Jawa Tengah','Semarang','Jawa Tengah','KO Graha Taman Karet., Kelurahan Gedung Pane, Kecamatan Mijen, Semarang - Jawa Tengah Semarang Jawa Tengah ',-7.005145,110.438125,' Free Standing'),(302,'BTC BEKASI','Jl HM Joyomartono Bulak Kapal Bekasi Timur','Bekasi','Jawa Barat','Jl HM Joyomartono Bulak Kapal Bekasi Timur Bekasi Jawa Barat ',-6.236254,107.024417,' Mall'),(303,'BOX UNIVERSITAS MERCUBUANA','Jl Raya Meruya Selatan No 01 Kembangan Jakarta Barat','Jakarta Barat','DKI Jakarta','Jl Raya Meruya Selatan No 01 Kembangan Jakarta Barat Jakarta Barat DKI Jakarta ',-6.211421,106.737769,'BOX'),(304,'ROYAL KLATEN','Jl. Pemuda 292, RT.05/01 Kelurahan Tonggalan, Kecamatan Klaten Tengah, Klaten  - Jawa TENGAH ','Klaten','Jawa Tengah','Jl. Pemuda 292, RT.05/01 Kelurahan Tonggalan, Kecamatan Klaten Tengah, Klaten  - Jawa TENGAH  Klaten Jawa Tengah ',-7.739967,110.664568,' In Line'),(305,'BOTANI SQUARE','Jl. Raya Pajajaran Kel. Tegallega, Kec. Bogor Tengah - Bogor','Bogor','Jawa Barat','Jl. Raya Pajajaran Kel. Tegallega, Kec. Bogor Tengah - Bogor Bogor Jawa Barat ',-6.592209,106.800140,' Food Court Mall'),(306,'WAHIDIN GRESIK','Jl. Dr. Wahidin Sudirohusodo No.138, Kel. Kebomas, Kec. Kebomas, Kab. Gresik ','Gresik','Jawa Timur','Jl. Dr. Wahidin Sudirohusodo No.138, Kel. Kebomas, Kec. Kebomas, Kab. Gresik  Gresik Jawa Timur ',-7.165244,112.651988,' Free Standing'),(307,'HARMONI CEGER','Jl. Ceger Raya Rt. 02 / 01 kel. Jurang Mangu Timur, Kec. Pondok Aren Kota, Tangerang Selatan ','Tangerang Selatan','Banten','Jl. Ceger Raya Rt. 02 / 01 kel. Jurang Mangu Timur, Kec. Pondok Aren Kota, Tangerang Selatan  Tangerang Selatan Banten ',-6.284575,106.697492,' In Line '),(308,'BEC BANDUNG','GedUNG Istana BEC. Jl. Purnawarman No.7 Bandung','Bandung','Jawa Barat','GedUNG Istana BEC. Jl. Purnawarman No.7 Bandung Bandung Jawa Barat ',-6.908210,107.608914,' Mall'),(309,'CIPONDOH','JL. KH. HASYIM ASHARI KEL. CIPONDOH, KEC. CIPONDOH, TANGERANG ','Tangerang  ','Banten','JL. KH. HASYIM ASHARI KEL. CIPONDOH, KEC. CIPONDOH, TANGERANG  Tangerang   Banten ',-6.209687,106.688927,' In Line '),(310,'JEMBRANA','Jl. Ngurah Rai, Negare, Jembrana -Bali','Kab. Jembrana','Bali','Jl. Ngurah Rai, Negare, Jembrana -Bali Kab. Jembrana Bali ',-8.361115,114.634818,' Free Standing'),(311,'DOWNTOWN JUNGLELAND','Taman Rekreasi Jungleland , Desa Karang Tengah , Kec. Babakan Madang, Kabupaten Bogor','Kab. Bogor','Jawa Barat','Taman Rekreasi Jungleland , Desa Karang Tengah , Kec. Babakan Madang, Kabupaten Bogor Kab. Bogor Jawa Barat ',-6.597147,106.806039,' Mall '),(312,'PALUR PLAZA','Jl. Raya Solo - Sragen KM. 1 (Palur) , Karang Anyar -Jateng','Kab. Karanganyar','Jawa Tengah','Jl. Raya Solo - Sragen KM. 1 (Palur) , Karang Anyar -Jateng Kab. Karanganyar Jawa Tengah ',-7.607073,110.986694,' Mall '),(313,'FOOD AVENUE LOTTE KUNINGAN','Lotte Shopping Avenue Lt. 4 , Ciputra world Jakarta','Jakarta Selatan','DKI Jakarta','Lotte Shopping Avenue Lt. 4 , Ciputra world Jakarta Jakarta Selatan DKI Jakarta ',-6.261493,106.810600,' Food Court Mall'),(314,'LEMBANG','Jl. Panorama Ruko 8-9 , lembang , Bandung','Kab. Bandung','Jawa Barat','Jl. Panorama Ruko 8-9 , lembang , Bandung Kab. Bandung Jawa Barat ',-6.917464,107.619123,' In Line '),(315,'PLAZA LINGGA JATI JOMBANG','Jl. KH. Wahid Hasyim 3 C Ds. Candimulyo , Kel. Jombang ,Kec. Jombang, ','Kab. Jombang','Jawa Timur','Jl. KH. Wahid Hasyim 3 C Ds. Candimulyo , Kel. Jombang ,Kec. Jombang,  Kab. Jombang Jawa Timur ',-7.536064,112.238402,' Mall '),(316,'TABANAN','Jl. Ir. Soekarno - bypass Kediri, Tabanan - Bali','Kab. Tabanan','Bali','Jl. Ir. Soekarno - bypass Kediri, Tabanan - Bali Kab. Tabanan Bali ',-8.546173,115.138317,' Free Standing'),(317,'AIRPORT HUB','Jl. Hesein Sastranegara (Tol Airport ) , Kel. Benda , Kec. Benda , Tangerang ','Tangerang','Banten','Jl. Hesein Sastranegara (Tol Airport ) , Kel. Benda , Kec. Benda , Tangerang  Tangerang Banten ',-6.130503,106.664501,' Mall '),(318,'JUANDA JAKARTA','Jl. Ir. Juanda No. 27 RT/RW 001/003 Kel. Kebon Kelapa , Kec. Gambir , Jakarta Pusat ','Jakarta Pusat','DKI Jakarta','Jl. Ir. Juanda No. 27 RT/RW 001/003 Kel. Kebon Kelapa , Kec. Gambir , Jakarta Pusat  Jakarta Pusat DKI Jakarta ',-6.186486,106.834091,' In Line '),(319,'UOB PLAZA',' Gedung UOB Plz, Lantai B1 Jl. MH Thamrin no.1, Jakarta 10230 ','Jakarta Pusat','DKI Jakarta','Gedung UOB Plz, Lantai B1 Jl. MH Thamrin no.1, Jakarta 10230 Jakarta Pusat DKI Jakarta ',-6.195834,106.816363,' In Line '),(320,'REST AREA KM 13,5 TANGERANG',' Jalan Tol Jakarta Merak KM 13,5 ','Tangerang','Banten','Jalan Tol Jakarta Merak KM 13,5 Tangerang Banten ',-6.129520,106.835722,' In Line '),(321,'SUNTER GREEN LAKE',' Jl. Danau sunter selatan, kel. Sunter agung, Kec. Tanjung Priok. Jakarta Utara ','Jakarta Utara','DKI Jakarta','Jl. Danau sunter selatan, kel. Sunter agung, Kec. Tanjung Priok. Jakarta Utara Jakarta Utara DKI Jakarta ',-6.138414,106.863956,' In Line '),(322,'PERCETAKAN NEGARA',' Jl. Percetakan Negara Raya No.80. Jakarta Pusat ','Jakarta Pusat','DKI Jakarta','Jl. Percetakan Negara Raya No.80. Jakarta Pusat Jakarta Pusat DKI Jakarta ',-6.190131,106.858960,' In Line '),(323,'BASUKI RAHMAT TUBAN',' Jl. Basuki Rakhmat 260. Kutorejo, Kab. Tuban, Jawa Timur ','Kab. Tuban','Jawa Timur','Jl. Basuki Rakhmat 260. Kutorejo, Kab. Tuban, Jawa Timur Kab. Tuban Jawa Timur ',-6.899775,112.062579,' In Line '),(324,'UNGARAN',' Jl. Diponegoro No. 280, Kel. Genuk , Kec. Ungaran Barat , Kab. Semarang ','Kab. Semarang','Jawa Tengah','Jl. Diponegoro No. 280, Kel. Genuk , Kec. Ungaran Barat , Kab. Semarang Kab. Semarang Jawa Tengah ',-7.005145,110.438125,' In Line '),(325,'PONDOK BAMBU','Jl. Pahlawan Revolusi 7 RT/RW 003/04 Klender, Duren Sawit, Jakarta Timur ','Jakarta Timur','DKI Jakarta','Jl. Pahlawan Revolusi 7 RT/RW 003/04 Klender, Duren Sawit, Jakarta Timur  Jakarta Timur DKI Jakarta ',-6.221265,106.899329,' Free Standing'),(326,'SHELL MAMPANG','Jl. Mampang Prapatan Raya, No 75B Jakarta Selatan','Jakarta Selatan','DKI Jakarta','Jl. Mampang Prapatan Raya, No 75B Jakarta Selatan Jakarta Selatan DKI Jakarta ',-6.250942,106.833796,' In Line '),(327,'AEON MALL','Jl. BSD Raya Utama, Desa Sampora, Kec. Cisauk, Kec. Tangerang, Banten 15345, Indonesia','Tangerang Selatan','Banten','Jl. BSD Raya Utama, Desa Sampora, Kec. Cisauk, Kec. Tangerang, Banten 15345, Indonesia Tangerang Selatan Banten ',-6.312486,106.649762,' Mall '),(328,'KARAWANG GALUH MAS','Jl. Galuh Mas Raya. Teluk Jambe Karawang, Jawa Barat','Kab. Karawang','Jawa Barat','Jl. Galuh Mas Raya. Teluk Jambe Karawang, Jawa Barat Kab. Karawang Jawa Barat ',-6.323414,107.292210,' Free Standing'),(329,'SHELL S PARMAN','Jl. Let. Jend S. Parman. Kemanggisan, Jakarta Barat','Jakarta Barat','DKI Jakarta','Jl. Let. Jend S. Parman. Kemanggisan, Jakarta Barat Jakarta Barat DKI Jakarta ',-6.172373,106.791465,' In Line '),(330,'SHODANCO SUPRIYADI BLITAR','Jl. Sudanco Supriadi no 61-63, Sananwetan, Blitar 66133 Jawa-Timur','Blitar','Jawa Timur','Jl. Sudanco Supriadi no 61-63, Sananwetan, Blitar 66133 Jawa-Timur Blitar Jawa Timur ',-8.093032,112.178644,' Free Standing'),(331,'HARLIN SOLO','Ruko Harlin Malangjiwan, Jl. Adisumarmo, Colomadu, Kab. Karanganyar, Jawa Tengah','Kab. Karanganyar','Jawa Tengah','Ruko Harlin Malangjiwan, Jl. Adisumarmo, Colomadu, Kab. Karanganyar, Jawa Tengah Kab. Karanganyar Jawa Tengah ',-7.607073,110.986694,' In Line '),(332,'METLAND TAMBUN','Jl. Hasanudin, Metropolitan Land Tambun , Kabupaten Bekasi, Jawa Barat','Kab. Bekasi','Jawa Barat','Jl. Hasanudin, Metropolitan Land Tambun , Kabupaten Bekasi, Jawa Barat Kab. Bekasi Jawa Barat ',-6.247447,107.148452,' Free Standing'),(333,'ROXY JEMBER',' Jalan Gajah Mada, Jember (Roxy Square) ','Kab.Jember','Jawa Timur','Jalan Gajah Mada, Jember (Roxy Square) Kab.Jember Jawa Timur ',-8.173312,113.700931,' Mall '),(334,'KEMANG PRATAMA',' Jl. Boulevard Kemang Pratama. Bekasi ','Bekasi','Jawa Barat','Jl. Boulevard Kemang Pratama. Bekasi Bekasi Jawa Barat ',-6.272086,106.987304,' In Line '),(335,'BOX SHELL PLUIT',' ( Shell Pluit Selatan - 1 ) Jl Pluit Selatan Raya No. 7 Jakarta Utara ','Jakarta Utara','DKI Jakarta',' ( Shell Pluit Selatan - 1 ) Jl Pluit Selatan Raya No. 7 Jakarta Utara  Jakarta Utara DKI Jakarta ',-6.138414,106.863956,'BOX'),(336,'PASAR BARU BANDUNG',' Pasar Baru Square. Jl Otista No. 81-89. Bandung ','Bandung','Jawa Barat','Pasar Baru Square. Jl Otista No. 81-89. Bandung Bandung Jawa Barat ',-6.917464,107.619123,' In Line '),(337,'BOX CIBITUNG MEDIKA','Rumah Sakit Cibitung Kp. selang cau RT 004 / 02 Wanasari Cibitung Kabupaten Bekasi ','Kab. Bekasi','Jawa Barat','Rumah Sakit Cibitung Kp. selang cau RT 004 / 02 Wanasari Cibitung Kabupaten Bekasi  Kab. Bekasi Jawa Barat ',-6.246961,107.086427,'BOX'),(338,'PLAZA SEMANGGI','Jl. Jendral Sudirman. Unit L3A-FCK-022-024A. Jakarta','Jakarta Pusat','DKI Jakarta','Jl. Jendral Sudirman. Unit L3A-FCK-022-024A. Jakarta Jakarta Pusat DKI Jakarta ',-6.186486,106.834091,' Food Court Mall'),(339,'BOX CIPANAS','Jl. Raya Cipanas No. 162 Desa Ciputri , Kec. Sindanglaya Kab. Pacet Cianjur Jawa barat ','Kab. Cianjur','Jawa Barat','Jl. Raya Cipanas No. 162 Desa Ciputri , Kec. Sindanglaya Kab. Pacet Cianjur Jawa barat  Kab. Cianjur Jawa Barat ',-6.816824,107.142544,'BOX'),(340,'BOX RS PELNI JAKARTA','Jl. KS Tubun Raya No. 92 Petamburan Jakarta Barat','Jakarta Barat','DKI Jakarta','Jl. KS Tubun Raya No. 92 Petamburan Jakarta Barat Jakarta Barat DKI Jakarta ',-6.187660,106.807164,'BOX'),(341,'REST AREA KM 102 CIPALI','KM REST AREA 102 CIPALI BABAKAN ROYOM DESA BATUSARI','Kab. Subang','Jawa Barat','KM REST AREA 102 CIPALI BABAKAN ROYOM DESA BATUSARI Kab. Subang Jawa Barat ',-6.562289,107.760795,'Free Standing'),(342,'SOLO PARAGON','Solo Paragon Mall. Jl. Yosodipuro No. 133. Surakarta','Surakarta','Jawa Tengah','Solo Paragon Mall. Jl. Yosodipuro No. 133. Surakarta Surakarta Jawa Tengah ',-7.575489,110.824327,'In Line');

/*Table structure for table `users` */

DROP TABLE IF EXISTS `users`;

CREATE TABLE `users` (
  `user_id` int(10) unsigned NOT NULL AUTO_INCREMENT,
  `user_name` varchar(40) DEFAULT NULL,
  `store_id` int(10) unsigned DEFAULT NULL,
  `user_username` varchar(30) DEFAULT NULL,
  `user_password` varchar(50) DEFAULT NULL,
  `user_role` varchar(40) DEFAULT NULL,
  `user_active` int(1) DEFAULT '1',
  `created_date` timestamp NOT NULL DEFAULT CURRENT_TIMESTAMP,
  `updated_date` datetime DEFAULT NULL,
  PRIMARY KEY (`user_id`)
) ENGINE=InnoDB DEFAULT CHARSET=latin1;

/*Data for the table `users` */

/*!40101 SET SQL_MODE=@OLD_SQL_MODE */;
/*!40014 SET FOREIGN_KEY_CHECKS=@OLD_FOREIGN_KEY_CHECKS */;
/*!40014 SET UNIQUE_CHECKS=@OLD_UNIQUE_CHECKS */;
/*!40111 SET SQL_NOTES=@OLD_SQL_NOTES */;
